TAG_social_liberal;Social Liberal Party;;;;;;;;;;;;x,,
disable_state_election_events_title;Disable State Election Events;;;;;;;;;;;;x,,
disable_state_election_events_desc;Tired of the event spree during an election? Click here to toggle them off! (Note: Country-wide election events will remain active);;;;;;;;;;;;x,,
enable_state_election_events_title;Enable State Election Events;;;;;;;;;;;;x,,
enable_state_election_events_desc;Want the usual state-wide election events back? Click here to toggle them on!;;;;;;;;;;;;x,,
disable_rgo_change_events_title;Disable RGO Change Events;;;;;;;;;;;;x,,
disable_rgo_change_events_desc;Tired of your farmers asking you for the 42nd time to intensify farming procedures? You don't want to change your grain provinces into wool? (Note: Colonial Farming events will remain active);;;;;;;;;;;;x,,
enable_rgo_change_events_title;Enable RGO Change Events;;;;;;;;;;;;x,,
enable_rgo_change_events_desc;Want to have the chance to change your RGO goods again? Click here to toggle the events on!;;;;;;;;;;;;x,,
growth_focus;Encourage Population Growth (GLOBAL EFFECT!);;;;;;;;;;;;x,,
progress_focus;Encourage Progress;;;;;;;;;;;;x,,
order_focus;Encourage Order;;;;;;;;;;;;x,,
education_focus;Encourage Education (GLOBAL EFFECT!);;;;;;;;;;;;x,,
the_metro;The Metro;;;;;;;;;;;;x,,
the_metro_desc;Rapid transit began with the opening in 1863 of the Metropolitan Railway, now part of the London Underground. Rapid transit evolved from steam railways during the late 19th century. In 1890 the City & South London Railway in London was the first electric rapid transit railway. The electric railway eventually was merged into London Underground. The technology swiftly spread to other cities in Europe, as in Budapest, Hungary in 1896, and then to the United States. A number of elevated systems were built, starting with the 1893 100% designed electric Liverpool Overhead Railway, which also had a small underground section complete with station. The elevated railways in Chicago and New York were converted to electric from steam propulsion.;;;;;;;;;;;;x,,
skyscrapers;Skyscraper Architecture;;;;;;;;;;;;x,,
skyscrapers_desc;Modern skyscrapers are built with steel or reinforced concrete frameworks and curtain walls of glass or polished stone. They utilize mechanical equipment such as water pumps and elevators. Until the 19th century, buildings of over six storeys were rare, as having great numbers of stairs to climb was impractical for inhabitants, and water pressure was usually insufficient to supply running water above 50 m (164 ft). Most early skyscrapers emerged in the land-strapped areas of Chicago, London, and New York toward the end of the 19th century. A land boom in Melbourne, Australia between 1888–1891 spurred the creation of a significant number of early skyscrapers, though none of these were steel reinforced and few remain today.;;;;;;;;;;;;x,,
social_engineering;Social Engineering;;;;;;;;;;;;x,,
social_engineering_desc;Social engineering is a discipline in social science that refers to efforts to influence popular attitudes and social behaviors on a large scale, whether by governments or private groups. In the political arena, the counterpart of social engineering is political engineering. Virtually all law and governance has the effect of seeking to change behavior and could be considered ''social engineering'' to some extent. Governments also influence behavior more subtly through incentives and disincentives built into economic policy and tax policy, for instance, and have done so for centuries.;;;;;;;;;;;;x,,
technocracy;Technocracy;;;;;;;;;;;;x,,
technocracy_desc;Technocracy is a form of government in which experts in technology would be in control of all decision making. Scientists, engineers, and technologists who have knowledge, expertise, or skills, would compose the governing body, instead of politicians, businessmen, and economists. In a technocracy, decision makers would be selected based upon how knowledgeable and skillful they are in their field. The term technocracy was originally used to designate the application of the scientific method to solving social problems, in counter distinction to the traditional economic, political, or philosophic approaches.;;;;;;;;;;;;x,,
roaring_twenties;Roaring Twenties;;;;;;;;;;;;x,,
roaring_twenties_desc;The Roaring Twenties is a term sometimes used to refer to the 1920s, characterizing the era's distinctive cultural edge in most of the world's major cities for a period of sustained economic prosperity. ''Normalcy'' returned to politics in the wake of hyper-emotional patriotism during World War I, jazz music blossomed, the flapper redefined modern womanhood, and Art Deco peaked. Economically, the era saw the large-scale diffusion and use of automobiles, telephones, motion pictures, and electricity, unprecedented industrial growth, accelerated consumer demand and aspirations, and significant changes in lifestyle and culture. Finally the Wall Street Crash of 1929 ended the era, as the Great Depression set in worldwide, bringing years of worldwide gloom and hardship.;;;;;;;;;;;;x,,
art_deco;Art Deco;;;;;;;;;;;;x,,
art_deco_desc;Art Deco is an influential visual arts design style which first appeared in France during the 1920s, flourished internationally during the 30s and 40s, then waned in the post-World War II era. It is an eclectic style that combines traditional craft motifs with Machine Age imagery and materials. The style is often characterized by rich colors, bold geometric shapes and lavish ornamentation. Deco emerged from the Interwar period when rapid industrialization was transforming culture. One of its major attributes is an embrace of technology. This distinguishes Deco from the organic motifs favored by its predecessor Art Nouveau.;;;;;;;;;;;;x,,
social_liberal_focus;Party loyality towards social liberal;;;;;;;;;;;;x,,
modern_infrastructure;Modern Infrastructure;;;;;;;;;;;;x,,
modern_infrastructure_desc;What is better than roads and highways? MORE roads and highways. Always!;;;;;;;;;;;;x,,
early_1930_army_armament;Early 1930 Armament;;;;;;;;;;;;x,,
early_1930_army_armament_desc;Time goes on - and so does our weapon development.;;;;;;;;;;;;x,,
mid_1930_army_armament;Mid 1930 Armament;;;;;;;;;;;;x,,
mid_1930_army_armament_desc;Time goes on - and so does our weapon development.;;;;;;;;;;;;x,,
late_1930_army_armament;Late 1930 Armament;;;;;;;;;;;;x,,
late_1930_army_armament_desc;Time goes on - and so does our weapon development.;;;;;;;;;;;;x,,
early_1930_army_doctrine;Early 1930 Doctrines;;;;;;;;;;;;x,,
early_1930_army_doctrine_desc;Time goes on - and so does our doctrine development.;;;;;;;;;;;;x,,
mid_1930_army_doctrine;Mid 1930 Doctrines;;;;;;;;;;;;x,,
mid_1930_army_doctrine_desc;Time goes on - and so does our doctrine development.;;;;;;;;;;;;x,,
late_1930_army_doctrine;Late 1930 Doctrines;;;;;;;;;;;;x,,
late_1930_army_doctrine_desc;Time goes on - and so does our doctrine development.;;;;;;;;;;;;x,,
early_1930_army_leadership;Early 1930 Leadership;;;;;;;;;;;;x,,
early_1930_army_leadership_desc;Time goes on - and so does our leadership development.;;;;;;;;;;;;x,,
mid_1930_army_leadership;Mid 1930 Leadership;;;;;;;;;;;;x,,
mid_1930_army_leadership_desc;Time goes on - and so does our leadership development.;;;;;;;;;;;;x,,
late_1930_army_leadership;Late 1930 Leadership;;;;;;;;;;;;x,,
late_1930_army_leadership_desc;Time goes on - and so does our leadership development.;;;;;;;;;;;;x,,
early_1930_navy_armament;Early 1930 Armament;;;;;;;;;;;;x,,
early_1930_navy_armament_desc;Time goes on - and so does our weapon development.;;;;;;;;;;;;x,,
mid_1930_navy_armament;Mid 1930 Armament;;;;;;;;;;;;x,,
mid_1930_navy_armament_desc;Time goes on - and so does our weapon development.;;;;;;;;;;;;x,,
late_1930_navy_armament;Late 1930 Armament;;;;;;;;;;;;x,,
late_1930_navy_armament_desc;Time goes on - and so does our weapon development.;;;;;;;;;;;;x,,
early_1930_navy_doctrine;Early 1930 Doctrines;;;;;;;;;;;;x,,
early_1930_navy_doctrine_desc;Time goes on - and so does our doctrine development.;;;;;;;;;;;;x,,
mid_1930_navy_doctrine;Mid 1930 Doctrines;;;;;;;;;;;;x,,
mid_1930_navy_doctrine_desc;Time goes on - and so does our doctrine development.;;;;;;;;;;;;x,,
late_1930_navy_doctrine;Late 1930 Doctrines;;;;;;;;;;;;x,,
late_1930_navy_doctrine_desc;Time goes on - and so does our doctrine development.;;;;;;;;;;;;x,,
early_1930_navy_leadership;Early 1930 Leadership;;;;;;;;;;;;x,,
early_1930_navy_leadership_desc;Time goes on - and so does our leadership development.;;;;;;;;;;;;x,,
mid_1930_navy_leadership;Mid 1930 Leadership;;;;;;;;;;;;x,,
mid_1930_navy_leadership_desc;Time goes on - and so does our leadership development.;;;;;;;;;;;;x,,
late_1930_navy_leadership;Late 1930 Leadership;;;;;;;;;;;;x,,
late_1930_navy_leadership_desc;Time goes on - and so does our leadership development.;;;;;;;;;;;;x,,
early_1930_navy_logistics;Early 1930 Logistics;;;;;;;;;;;;x,,
early_1930_navy_logistics_desc;Time goes on - and so does our logistics development.;;;;;;;;;;;;x,,
mid_1930_navy_logistics;Mid 1930 Logistics;;;;;;;;;;;;x,,
mid_1930_navy_logistics_desc;Time goes on - and so does our logistics development.;;;;;;;;;;;;x,,
late_1930_navy_logistics;Late 1930 Logistics;;;;;;;;;;;;x,,
late_1930_navy_logistics_desc;Time goes on - and so does our logistics development.;;;;;;;;;;;;x,,
early_1940_army_armament;Early 1940 Armament;;;;;;;;;;;;x,,
early_1940_army_armament_desc;Time goes on - and so does our weapon development.;;;;;;;;;;;;x,,
mid_1940_army_armament;Mid 1940 Armament;;;;;;;;;;;;x,,
mid_1940_army_armament_desc;Time goes on - and so does our weapon development.;;;;;;;;;;;;x,,
late_1940_army_armament;Late 1940 Armament;;;;;;;;;;;;x,,
late_1940_army_armament_desc;Time goes on - and so does our weapon development.;;;;;;;;;;;;x,,
early_1940_army_doctrine;Early 1940 Doctrines;;;;;;;;;;;;x,,
early_1940_army_doctrine_desc;Time goes on - and so does our doctrine development.;;;;;;;;;;;;x,,
mid_1940_army_doctrine;Mid 1940 Doctrines;;;;;;;;;;;;x,,
mid_1940_army_doctrine_desc;Time goes on - and so does our doctrine development.;;;;;;;;;;;;x,,
late_1940_army_doctrine;Late 1940 Doctrines;;;;;;;;;;;;x,,
late_1940_army_doctrine_desc;Time goes on - and so does our doctrine development.;;;;;;;;;;;;x,,
early_1940_army_leadership;Early 1940 Leadership;;;;;;;;;;;;x,,
early_1940_army_leadership_desc;Time goes on - and so does our leadership development.;;;;;;;;;;;;x,,
mid_1940_army_leadership;Mid 1940 Leadership;;;;;;;;;;;;x,,
mid_1940_army_leadership_desc;Time goes on - and so does our leadership development.;;;;;;;;;;;;x,,
late_1940_army_leadership;Late 1940 Leadership;;;;;;;;;;;;x,,
late_1940_army_leadership_desc;Time goes on - and so does our leadership development.;;;;;;;;;;;;x,,
early_1940_navy_armament;Early 1940 Armament;;;;;;;;;;;;x,,
early_1940_navy_armament_desc;Time goes on - and so does our weapon development.;;;;;;;;;;;;x,,
mid_1940_navy_armament;Mid 1940 Armament;;;;;;;;;;;;x,,
mid_1940_navy_armament_desc;Time goes on - and so does our weapon development.;;;;;;;;;;;;x,,
late_1940_navy_armament;Late 1940 Armament;;;;;;;;;;;;x,,
late_1940_navy_armament_desc;Time goes on - and so does our weapon development.;;;;;;;;;;;;x,,
early_1940_navy_doctrine;Early 1940 Doctrines;;;;;;;;;;;;x,,
early_1940_navy_doctrine_desc;Time goes on - and so does our doctrine development.;;;;;;;;;;;;x,,
mid_1940_navy_doctrine;Mid 1940 Doctrines;;;;;;;;;;;;x,,
mid_1940_navy_doctrine_desc;Time goes on - and so does our doctrine development.;;;;;;;;;;;;x,,
late_1940_navy_doctrine;Late 1940 Doctrines;;;;;;;;;;;;x,,
late_1940_navy_doctrine_desc;Time goes on - and so does our doctrine development.;;;;;;;;;;;;x,,
early_1940_navy_leadership;Early 1940 Leadership;;;;;;;;;;;;x,,
early_1940_navy_leadership_desc;Time goes on - and so does our leadership development.;;;;;;;;;;;;x,,
mid_1940_navy_leadership;Mid 1940 Leadership;;;;;;;;;;;;x,,
mid_1940_navy_leadership_desc;Time goes on - and so does our leadership development.;;;;;;;;;;;;x,,
late_1940_navy_leadership;Late 1940 Leadership;;;;;;;;;;;;x,,
late_1940_navy_leadership_desc;Time goes on - and so does our leadership development.;;;;;;;;;;;;x,,
early_1940_navy_logistics;Early 1940 Logistics;;;;;;;;;;;;x,,
early_1940_navy_logistics_desc;Time goes on - and so does our logistics development.;;;;;;;;;;;;x,,
mid_1940_navy_logistics;Mid 1940 Logistics;;;;;;;;;;;;x,,
mid_1940_navy_logistics_desc;Time goes on - and so does our logistics development.;;;;;;;;;;;;x,,
late_1940_navy_logistics;Late 1940 Logistics;;;;;;;;;;;;x,,
late_1940_navy_logistics_desc;Time goes on - and so does our logistics development.;;;;;;;;;;;;x,,
disable_rgo_spread_events_title;Disable State RGO Improvement Events;;;;;;;;;;;;x,,
disable_rgo_spread_events_desc;Tired of every state telling you that it has been electrified? Fear not, with this decision RGO inventions will instead spread country-wide, reducing event spam for large nations significantly.;;;;;;;;;;;;x,,
enable_rgo_spread_events_title;Enable State RGO Improvement Events;;;;;;;;;;;;x,,
enable_rgo_spread_events_desc;Want the original RGO spreading back? Click here! \n\n (NOTE: You will lose all EARLY and IMPROVED modifiers without compensation.);;;;;;;;;;;;x,,
local_tractors_low;Early Tractors;;;;;;;;;;;;x,,
local_tractors_mid;Improved Tractors;;;;;;;;;;;;x,,
local_tractors_high;Tractors;;;;;;;;;;;;x,,
local_electricity_low;Early Electricity;;;;;;;;;;;;x,,
local_electricity_mid;Improved Electricity;;;;;;;;;;;;x,,
local_electricity_high;Electricity;;;;;;;;;;;;x,,
local_nitroglycerin_low;Early Nitroglycerin;;;;;;;;;;;;x,,
local_nitroglycerin_mid;Improved Nitroglycerin;;;;;;;;;;;;x,,
local_nitroglycerin_high;Nitroglycerin;;;;;;;;;;;;x,,
local_distribution_channels_low;Early Distribution Channels;;;;;;;;;;;;x,,
local_distribution_channels_mid;Improved Distribution Channels;;;;;;;;;;;;x,,
local_distribution_channels_high;Distribution Channels;;;;;;;;;;;;x,,
local_machine_tools_low;Early Machine Tools;;;;;;;;;;;;x,,
local_machine_tools_mid;Improved Machine Tools;;;;;;;;;;;;x,,
local_machine_tools_high;Machine Tools;;;;;;;;;;;;x,,
shaft_mine_low;Early Shaft Mining;;;;;;;;;;;;x,,
shaft_mine_mid;Improved Shaft Mining;;;;;;;;;;;;x,,
shaft_mine_high;Shaft Mining;;;;;;;;;;;;x,,
pit_mine_low;Early Pit Mining;;;;;;;;;;;;x,,
pit_mine_mid;Improved Pit Mining;;;;;;;;;;;;x,,
pit_mine_high;Pit Mining;;;;;;;;;;;;x,,
strip_mine_low;Early Strip Mining;;;;;;;;;;;;x,,
strip_mine_mid;Improved Strip Mining;;;;;;;;;;;;x,,
strip_mine_high;Strip Mining;;;;;;;;;;;;x,,
crop_rotation_low;Early Crop Rotation;;;;;;;;;;;;x,,
crop_rotation_mid;Improved Crop Rotation;;;;;;;;;;;;x,,
crop_rotation_high;Crop Rotation;;;;;;;;;;;;x,,
phosphates_low;Early Phosphates;;;;;;;;;;;;x,,
phosphates_mid;Improved Phosphates;;;;;;;;;;;;x,,
phosphates_high;Phosphates;;;;;;;;;;;;x,,
nitrates_low;Early Nitrates;;;;;;;;;;;;x,,
nitrates_mid;Improved Nitrates;;;;;;;;;;;;x,,
nitrates_high;Nitrates;;;;;;;;;;;;x,,
EVTNAME666900;Early Tractors in $COUNTRYNAME$;;;;;;;;;;;;x,,
EVTDESC666900;Mother, mother! Old man Johnson has bought a new machine! It can plough, pull, tear, move, and you can ride on it! He says it's called a 'tractor'!'\n\nThe advent of the tractor in $COUNTRYNAME$ has led to a revolution in local agriculture, with farm output increasing on a scale unfathomable a mere generation ago. Truly, the boons of industry are good unto $COUNTRY$.;;;;;;;;;;;;x,,
EVTOPTA666900;Truly, 'tis.;;;;;;;;;;;;x,,
EVTNAME666901;Improved Tractors in $COUNTRYNAME$;;;;;;;;;;;;x,,
EVTDESC666901;Mother, mother! Old man Johnson has bought a new machine! It can plough, pull, tear, move, and you can ride on it! He says it's called a 'tractor'!'\n\nThe advent of the tractor in $COUNTRYNAME$ has led to a revolution in local agriculture, with farm output increasing on a scale unfathomable a mere generation ago. Truly, the boons of industry are good unto $COUNTRY$.;;;;;;;;;;;;x,,
EVTOPTA666901;Truly, 'tis.;;;;;;;;;;;;x,,
EVTNAME666902;Tractors in $COUNTRYNAME$;;;;;;;;;;;;x,,
EVTDESC666902;Mother, mother! Old man Johnson has bought a new machine! It can plough, pull, tear, move, and you can ride on it! He says it's called a 'tractor'!'\n\nThe advent of the tractor in $COUNTRYNAME$ has led to a revolution in local agriculture, with farm output increasing on a scale unfathomable a mere generation ago. Truly, the boons of industry are good unto $COUNTRY$.;;;;;;;;;;;;x,,
EVTOPTA666902;Truly, 'tis.;;;;;;;;;;;;x,,
EVTNAME666910;Early Electricity in $COUNTRYNAME$;;;;;;;;;;;;x,,
EVTDESC666910;Mother, Mother! Have you seen the lights on Main Street? They're putting new lights in the lamp posts! They say that they're powered by 'electricity'!'\n\nElectricity, in the form of street lights, have arrived in $COUNTRYNAME$. This new type of lighting illuminates our cities in ways that have hereto only been dreamt of, increasing the efficiency and productivity of local industry, as well as the local quality of life.;;;;;;;;;;;;x,,
EVTOPTA666910;Brilliant!;;;;;;;;;;;;x,,
EVTNAME666911;Improved Electricity in $COUNTRYNAME$;;;;;;;;;;;;x,,
EVTDESC666911;Mother, Mother! Have you seen the lights on Main Street? They're putting new lights in the lamp posts! They say that they're powered by 'electricity'!'\n\nElectricity, in the form of street lights, have arrived in $COUNTRYNAME$. This new type of lighting illuminates our cities in ways that have hereto only been dreamt of, increasing the efficiency and productivity of local industry, as well as the local quality of life.;;;;;;;;;;;;x,,
EVTOPTA666911;Brilliant!;;;;;;;;;;;;x,,
EVTNAME666912;Electricity in $COUNTRYNAME$;;;;;;;;;;;;x,,
EVTDESC666912;Mother, Mother! Have you seen the lights on Main Street? They're putting new lights in the lamp posts! They say that they're powered by 'electricity'!'\n\nElectricity, in the form of street lights, have arrived in $COUNTRYNAME$. This new type of lighting illuminates our cities in ways that have hereto only been dreamt of, increasing the efficiency and productivity of local industry, as well as the local quality of life.;;;;;;;;;;;;x,,
EVTOPTA666912;Brilliant!;;;;;;;;;;;;x,,
EVTNAME666920;Early Nitroglycerin in $COUNTRYNAME$;;;;;;;;;;;;x,,
EVTDESC666920;Mother, Mother! Have you heard the sounds and booms echoing from the mine? They say it's a new type of explosive!'\n\nThe introduction of nitroglycerin, and with it the ability to dig deeper into the mine shafts than ever before, in $COUNTRYNAME$ means that the local mining industry has increased its output several times over.;;;;;;;;;;;;x,,
EVTOPTA666920;Kaboom!;;;;;;;;;;;;x,,
EVTNAME666921;Improved Nitroglycerin in $COUNTRYNAME$;;;;;;;;;;;;x,,
EVTDESC666921;Mother, Mother! Have you heard the sounds and booms echoing from the mine? They say it's a new type of explosive!'\n\nThe introduction of nitroglycerin, and with it the ability to dig deeper into the mine shafts than ever before, in $COUNTRYNAME$ means that the local mining industry has increased its output several times over.;;;;;;;;;;;;x,,
EVTOPTA666921;Kaboom!;;;;;;;;;;;;x,,
EVTNAME666922;Nitroglycerin in $COUNTRYNAME$;;;;;;;;;;;;x,,
EVTDESC666922;Mother, Mother! Have you heard the sounds and booms echoing from the mine? They say it's a new type of explosive!'\n\nThe introduction of nitroglycerin, and with it the ability to dig deeper into the mine shafts than ever before, in $COUNTRYNAME$ means that the local mining industry has increased its output several times over.;;;;;;;;;;;;x,,
EVTOPTA666922;Kaboom!;;;;;;;;;;;;x,,
EVTNAME666930;Early Distribution Channels in $COUNTRYNAME$;;;;;;;;;;;;x,,
EVTDESC666930;Mother! Mother! They've opened a new store in town!'\n\nThe nineteenth century saw the development of vastly improved channels for the distribution of goods to broader groups of customers. The opening of new, specialized and industrialized retailers was essential in bringing new industrial goods, produced in factories, to consumers. The new store in $COUNTRYNAME$ will increase the efficiency of the local farms, as farmers have to spend less time in travel to and from markets.;;;;;;;;;;;;x,,
EVTOPTA666930;Excellent!;;;;;;;;;;;;x,,
EVTNAME666931;Improved Distribution Channels in $COUNTRYNAME$;;;;;;;;;;;;x,,
EVTDESC666931;Mother! Mother! They've opened a new store in town!'\n\nThe nineteenth century saw the development of vastly improved channels for the distribution of goods to broader groups of customers. The opening of new, specialized and industrialized retailers was essential in bringing new industrial goods, produced in factories, to consumers. The new store in $COUNTRYNAME$ will increase the efficiency of the local farms, as farmers have to spend less time in travel to and from markets.;;;;;;;;;;;;x,,
EVTOPTA666931;Excellent!;;;;;;;;;;;;x,,
EVTNAME666932;Distribution Channels in $COUNTRYNAME$;;;;;;;;;;;;x,,
EVTDESC666932;Mother! Mother! They've opened a new store in town!'\n\nThe nineteenth century saw the development of vastly improved channels for the distribution of goods to broader groups of customers. The opening of new, specialized and industrialized retailers was essential in bringing new industrial goods, produced in factories, to consumers. The new store in $COUNTRYNAME$ will increase the efficiency of the local farms, as farmers have to spend less time in travel to and from markets.;;;;;;;;;;;;x,,
EVTOPTA666932;Excellent!;;;;;;;;;;;;x,,
EVTNAME666940;Early Machine Tools in $COUNTRYNAME$;;;;;;;;;;;;x,,
EVTDESC666940;Mother! Mother! Father says that they've got new tools in the mine!'\n\nWith the invention of machine tools, mines are slowly being fitted with new and efficient tools to aid the excavation of the slumbering riches below the surface. Mine efficiency and size has been increased in $COUNTRYNAME$ on account of this.;;;;;;;;;;;;x,,
EVTOPTA666940;Let us not dig too deep and greedily, though.;;;;;;;;;;;;x,,
EVTNAME666941;Improved Machine Tools in $COUNTRYNAME$;;;;;;;;;;;;x,,
EVTDESC666941;Mother! Mother! Father says that they've got new tools in the mine!'\n\nWith the invention of machine tools, mines are slowly being fitted with new and efficient tools to aid the excavation of the slumbering riches below the surface. Mine efficiency and size has been increased in $COUNTRYNAME$ on account of this.;;;;;;;;;;;;x,,
EVTOPTA666941;Let us not dig too deep and greedily, though.;;;;;;;;;;;;x,,
EVTNAME666942;Machine Tools in $COUNTRYNAME$;;;;;;;;;;;;x,,
EVTDESC666942;Mother! Mother! Father says that they've got new tools in the mine!'\n\nWith the invention of machine tools, mines are slowly being fitted with new and efficient tools to aid the excavation of the slumbering riches below the surface. Mine efficiency and size has been increased in $COUNTRYNAME$ on account of this.;;;;;;;;;;;;x,,
EVTOPTA666942;Let us not dig too deep and greedily, though.;;;;;;;;;;;;x,,
EVTNAME666950;Early Shaft Mining in $COUNTRYNAME$;;;;;;;;;;;;x,,
EVTDESC666950;Shaft mining has been adopted throughout $COUNTRYNAME$.;;;;;;;;;;;;x,,
EVTOPTA666950;Excellent;;;;;;;;;;;;x,,
EVTNAME666951;Improved Shaft Mining in $COUNTRYNAME$;;;;;;;;;;;;x,,
EVTDESC666951;Shaft mining has been adopted throughout $COUNTRYNAME$.;;;;;;;;;;;;x,,
EVTOPTA666951;Excellent;;;;;;;;;;;;x,,
EVTNAME666952;Shaft Mining in $COUNTRYNAME$;;;;;;;;;;;;x,,
EVTDESC666952;Shaft mining has been adopted throughout $COUNTRYNAME$.;;;;;;;;;;;;x,,
EVTOPTA666952;Excellent;;;;;;;;;;;;x,,
EVTNAME666960;Early Pit Mining in $COUNTRYNAME$;;;;;;;;;;;;x,,
EVTDESC666960;Pit mining has been adopted throughout $COUNTRYNAME$.;;;;;;;;;;;;x,,
EVTOPTA666960;Excellent;;;;;;;;;;;;x,,
EVTNAME666961;Improved Pit Mining in $COUNTRYNAME$;;;;;;;;;;;;x,,
EVTDESC666961;Pit mining has been adopted throughout $COUNTRYNAME$.;;;;;;;;;;;;x,,
EVTOPTA666961;Excellent;;;;;;;;;;;;x,,
EVTNAME666962;Pit Mining in $COUNTRYNAME$;;;;;;;;;;;;x,,
EVTDESC666962;Pit mining has been adopted throughout $COUNTRYNAME$.;;;;;;;;;;;;x,,
EVTOPTA666962;Excellent;;;;;;;;;;;;x,,
EVTNAME666970;Early Strip Mining in $COUNTRYNAME$;;;;;;;;;;;;x,,
EVTDESC666970;Strip mining has been adopted throughout $COUNTRYNAME$.;;;;;;;;;;;;x,,
EVTOPTA666970;Excellent;;;;;;;;;;;;x,,
EVTNAME666971;Improved Strip Mining in $COUNTRYNAME$;;;;;;;;;;;;x,,
EVTDESC666971;Strip mining has been adopted throughout $COUNTRYNAME$.;;;;;;;;;;;;x,,
EVTOPTA666971;Excellent;;;;;;;;;;;;x,,
EVTNAME666972;Strip Mining in $COUNTRYNAME$;;;;;;;;;;;;x,,
EVTDESC666972;Strip mining has been adopted throughout $COUNTRYNAME$.;;;;;;;;;;;;x,,
EVTOPTA666972;Excellent;;;;;;;;;;;;x,,
EVTNAME666980;Early Crop Rotation in $COUNTRYNAME$;;;;;;;;;;;;x,,
EVTDESC666980;Crop rotation has been adopted throughout $COUNTRYNAME$.;;;;;;;;;;;;x,,
EVTOPTA666980;Excellent;;;;;;;;;;;;x,,
EVTNAME666981;Improved Crop Rotation in $COUNTRYNAME$;;;;;;;;;;;;x,,
EVTDESC666981;Crop rotation has been adopted throughout $COUNTRYNAME$.;;;;;;;;;;;;x,,
EVTOPTA666981;Excellent;;;;;;;;;;;;x,,
EVTNAME666982;Crop Rotation in $COUNTRYNAME$;;;;;;;;;;;;x,,
EVTDESC666982;Crop rotation has been adopted throughout $COUNTRYNAME$.;;;;;;;;;;;;x,,
EVTOPTA666982;Excellent;;;;;;;;;;;;x,,
EVTNAME666990;Early Phosphates in $COUNTRYNAME$;;;;;;;;;;;;x,,
EVTDESC666990;Phosphates has been adopted throughout $COUNTRYNAME$.;;;;;;;;;;;;x,,
EVTOPTA666990;Excellent;;;;;;;;;;;;x,,
EVTNAME666991;Improved Phosphates in $COUNTRYNAME$;;;;;;;;;;;;x,,
EVTDESC666991;Phosphates has been adopted throughout $COUNTRYNAME$.;;;;;;;;;;;;x,,
EVTOPTA666991;Excellent;;;;;;;;;;;;x,,
EVTNAME666992;Phosphates in $COUNTRYNAME$;;;;;;;;;;;;x,,
EVTDESC666992;Phosphates has been adopted throughout $COUNTRYNAME$.;;;;;;;;;;;;x,,
EVTOPTA666992;Excellent;;;;;;;;;;;;x,,
EVTNAME667000;Early Nitrates in $COUNTRYNAME$;;;;;;;;;;;;x,,
EVTDESC667000;Nitrates has been adopted throughout $COUNTRYNAME$.;;;;;;;;;;;;x,,
EVTOPTA667000;Excellent;;;;;;;;;;;;x,,
EVTNAME667001;Improved Nitrates in $COUNTRYNAME$;;;;;;;;;;;;x,,
EVTDESC667001;Nitrates has been adopted throughout $COUNTRYNAME$.;;;;;;;;;;;;x,,
EVTOPTA667001;Excellent;;;;;;;;;;;;x,,
EVTNAME667002;Nitrates in $COUNTRYNAME$;;;;;;;;;;;;x,,
EVTDESC667002;Nitrates has been adopted throughout $COUNTRYNAME$.;;;;;;;;;;;;x,,
EVTOPTA667002;Excellent;;;;;;;;;;;;x,,
military_horse_breeding;Military Horse Breeding;;;;;;;;;;;;x,,
military_horse_breeding_desc;Horse breeding is reproduction in horses, and particularly the human-directed process of selective breeding of animals, particularly purebred horses of a given breed. Planned matings can be used to produce specifically desired characteristics in domesticated horses. Furthermore, modern breeding management and technologies can increase the rate of conception, a healthy pregnancy, and successful foaling.;;;;;;;;;;;;x,,
EVTNAME555000;Popular Conservative Figurehead;;;;;;;;;;;;x,,
EVTDESC555000;A popular man has come to power in the conservative party, ready to rally the masses for his cause. ;;;;;;;;;;;;x,,
EVTOPTA555000;We will have an eye on him;;;;;;;;;;;;x,,
EVTNAME555001;Popular Liberal Figurehead;;;;;;;;;;;;x,,
EVTDESC555001;A popular man has come to power in the liberal party, ready to rally the masses for his cause. ;;;;;;;;;;;;x,,
EVTOPTA555001;We will have an eye on him;;;;;;;;;;;;x,,
EVTNAME555002;Popular Reactionary Figurehead;;;;;;;;;;;;x,,
EVTDESC555002;A popular man has come to power in the reactionary party, ready to rally the masses for his cause. ;;;;;;;;;;;;x,,
EVTOPTA555002;We will have an eye on him;;;;;;;;;;;;x,,
EVTNAME555003;Popular Anarcho-Liberal Figurehead;;;;;;;;;;;;x,,
EVTDESC555003;A popular man has come to power in the anarcho-liberal party, ready to rally the masses for his cause. ;;;;;;;;;;;;x,,
EVTOPTA555003;We will have an eye on him;;;;;;;;;;;;x,,
EVTNAME555004;Popular Socialist Figurehead;;;;;;;;;;;;x,,
EVTDESC555004;A popular man has come to power in the socialist party, ready to rally the masses for his cause. ;;;;;;;;;;;;x,,
EVTOPTA555004;We will have an eye on him;;;;;;;;;;;;x,,
EVTNAME555005;Popular Communist Figurehead;;;;;;;;;;;;x,,
EVTDESC555005;A popular man has come to power in the communist party, ready to rally the masses for his cause. ;;;;;;;;;;;;x,,
EVTOPTA555005;We will have an eye on him;;;;;;;;;;;;x,,
EVTNAME555006;Popular Fascist Figurehead;;;;;;;;;;;;x,,
EVTDESC555006;A popular man has come to power in the fascist party, ready to rally the masses for his cause. ;;;;;;;;;;;;x,,
EVTOPTA555006;We will have an eye on him;;;;;;;;;;;;x,,
EVTNAME555007;Popular Social Liberal Figurehead;;;;;;;;;;;;x,,
EVTDESC555007;A popular man has come to power in the social liberal party, ready to rally the masses for his cause. ;;;;;;;;;;;;x,,
EVTOPTA555007;We will have an eye on him;;;;;;;;;;;;x,,
EVTNAME555008;Popular Separatist Figurehead;;;;;;;;;;;;x,,
EVTDESC555008;A popular man has come to power in one of the separatist parties, ready to rally the masses for his cause. ;;;;;;;;;;;;x,,
EVTOPTA555008;We will have an eye on him;;;;;;;;;;;;x,,
EVTNAME555010;Charismatic Conservative Leader;;;;;;;;;;;;x,,
EVTDESC555010;A great man of almost divine charisma has taken the lead of the conservative party.\n Lo and behold - a new age beckons!;;;;;;;;;;;;x,,
EVTOPTA555010;What will become of this?;;;;;;;;;;;;x,,
EVTNAME555011;Charismatic Liberal Leader;;;;;;;;;;;;x,,
EVTDESC555011;A great man of almost divine charisma has taken the lead of the liberal party.\n Lo and behold - a new age beckons!;;;;;;;;;;;;x,,
EVTOPTA555011;What will become of this?;;;;;;;;;;;;x,,
EVTNAME555012;Charismatic Reactionary Leader;;;;;;;;;;;;x,,
EVTDESC555012;A great man of almost divine charisma has taken the lead of the reactionary party.\n Lo and behold - a new age beckons!;;;;;;;;;;;;x,,
EVTOPTA555012;What will become of this?;;;;;;;;;;;;x,,
EVTNAME555013;Charismatic Anarcho-Liberal Leader;;;;;;;;;;;;x,,
EVTDESC555013;A great man of almost divine charisma has taken the lead of the anarcho-liberal party.\n Lo and behold - a new age beckons!;;;;;;;;;;;;x,,
EVTOPTA555013;What will become of this?;;;;;;;;;;;;x,,
EVTNAME555014;Charismatic Socialist Leader;;;;;;;;;;;;x,,
EVTDESC555014;A great man of almost divine charisma has taken the lead of the socialist party.\n Lo and behold - a new age beckons!;;;;;;;;;;;;x,,
EVTOPTA555014;What will become of this?;;;;;;;;;;;;x,,
EVTNAME555015;Charismatic Communist Leader;;;;;;;;;;;;x,,
EVTDESC555015;A great man of almost divine charisma has taken the lead of the communist party.\n Lo and behold - a new age beckons!;;;;;;;;;;;;x,,
EVTOPTA555015;What will become of this?;;;;;;;;;;;;x,,
EVTNAME555016;Charismatic Fascist Leader;;;;;;;;;;;;x,,
EVTDESC555016;The world was almost won by such an ape! \nThe nations put him where his kind belong. \nBut don’t rejoice too soon at your escape\nThe womb he crawled from is still going strong.\n-Bertolt Brecht: The Resistible Rise of Arturo Ui;;;;;;;;;;;;x,,
EVTOPTA555016;May god have mercy on us!;;;;;;;;;;;;x,,
EVTNAME555017;Charismatic Social Liberal Leader;;;;;;;;;;;;x,,
EVTDESC555017;A great man of almost divine charisma has taken the lead of the social liberal party.\n Lo and behold - a new age beckons!;;;;;;;;;;;;x,,
EVTOPTA555017;What will become of this?;;;;;;;;;;;;x,,
EVTNAME555018;Charismatic Separatist Leader;;;;;;;;;;;;x,,
EVTDESC555018;A great man of almost divine charisma has taken the lead in the struggle for the oppressed minorities.\n Lo and behold - a new age beckons!;;;;;;;;;;;;x,,
EVTOPTA555018;What will become of this?;;;;;;;;;;;;x,,
EVTNAME555020;End of Popular Figurehead - Natural Death;;;;;;;;;;;;x,,
EVTDESC555020;Newspapers announced the death of our popular figurehead today. He apparently died of natural causes, leaving behind a grieving widow and several children. His followers mourn his passing and even some of the enemies stated that they ''will miss the old bugbear''.;;;;;;;;;;;;x,,
EVTOPTA555020;Rest in peace;;;;;;;;;;;;x,,
EVTNAME555021;End of Popular Figurehead - Assassination;;;;;;;;;;;;x,,
EVTDESC555021;Special edition! Popular figurehead assassinated in public! Perpetrator still on the loose!\n\nTensions reached a boiling point today after an unknown assassin fired several shots at our popular figurehead in small Café near $CAPITAL$. He was rushed to a nearby hospital, but died a few hours later due to his wounds.;;;;;;;;;;;;x,,
EVTOPTA555021;A tragedy!;;;;;;;;;;;;x,,
EVTNAME555022;End of Popular Figurehead - Discredited;;;;;;;;;;;;x,,
EVTDESC555022;Today we received an anonymous package, containing evidence that our popular figurehead isn't really the saint he seems to be. On the one hand, we could use this to destroy his credibility, but many will suspect a setup and public outrage might occur. On the other hand, we could simply ignore the matter. What shall we do?;;;;;;;;;;;;x,,
EVTOPTA555022;Use the evidence to get rid of him;;;;;;;;;;;;x,,
EVTOPTB555022;We will not resort to such cowardly tactics;;;;;;;;;;;;x,,
EVTNAME555023;End of Popular Figurehead - Retired;;;;;;;;;;;;x,,
EVTDESC555023;Age and bad health have taken a heavy toll on our popular figurehead. Today he announced that he will retire from politics and spend the rest of his days with his family in a small mansion near $CAPITAL$.;;;;;;;;;;;;x,,
EVTOPTA555023;We wish him all the best;;;;;;;;;;;;x,,
EVTNAME555024;End of Charismatic Leader - Natural Death;;;;;;;;;;;;x,,
EVTDESC555024;Hence ''banished'' is banished from the world.\n And world's exile is death.\n- William Shakespeare, Romeo and Juliet\n\n At long last, our charismatic leader has passed away. His untimely death will leave a big vacuum in the political landscape.;;;;;;;;;;;;x,,
EVTOPTA555024;Alas, poor soul! I knew him...;;;;;;;;;;;;x,,
EVTNAME555025;End of Charismatic Leader - Assassination;;;;;;;;;;;;x,,
EVTDESC555025;Special edition! Charismatic leader assassinated! Perpetrators shot by the police! Protests and riots all over the country!\n\nOur charismatic leader was killed tonight while out for a stroll in $CAPITAL$. Multiple attackers fired at him from a dark alleyway, slaying him on the spot. A police patrol near the crime scene chased the perpetrators to their hideout and after a prolonged firefight, all attackers were killed. It is unknown who had hired the goons, but needless to say the list of potential suspects is very long...;;;;;;;;;;;;x,,
EVTOPTA555025;A tragedy!;;;;;;;;;;;;x,,
EVTNAME555026;End of Charismatic Leader - Discredited;;;;;;;;;;;;x,,
EVTDESC555026;Today we received an anonymous package, containing evidence that our charismatic leader isn't really the saint he seems to be. On the one hand, we could use this to destroy his credibility, but many will suspect a set-up and public outrage might occur. On the other hand, we could simply ignore the matter. What shall we do?;;;;;;;;;;;;x,,
EVTOPTA555026;Use the evidence to get rid of him;;;;;;;;;;;;x,,
EVTOPTB555026;We will not resort to such cowardly tactics;;;;;;;;;;;;x,,
EVTNAME555027;End of Charismatic Leader - Retired;;;;;;;;;;;;x,,
EVTDESC555027;Age and bad health have taken a heavy toll on our charismatic leader. Today he announced that he will retire from politics and spend the rest of his days with his family in a small mansion near $CAPITAL$.;;;;;;;;;;;;x,,
EVTOPTA555027;We wish him all the best;;;;;;;;;;;;x,,
popular_figurehead_conservative;Popular Figurehead: Conservative Party;;;;;;;;;;;;x,,
popular_figurehead_liberal;Popular Figurehead: Liberal Party;;;;;;;;;;;;x,,
popular_figurehead_reactionary;Popular Figurehead: Reactionary Party;;;;;;;;;;;;x,,
popular_figurehead_anarcho_liberal;Popular Figurehead: Anarcho-Liberal Party;;;;;;;;;;;;x,,
popular_figurehead_socialist;Popular Figurehead: Socialist Party;;;;;;;;;;;;x,,
popular_figurehead_communist;Popular Figurehead: Communist Party;;;;;;;;;;;;x,,
popular_figurehead_fascist;Popular Figurehead: Fascist Party;;;;;;;;;;;;x,,
popular_figurehead_social_liberal;Popular Figurehead: Social Liberal Party;;;;;;;;;;;;x,,
popular_figurehead_separatist;Popular Figurehead: Separatist Party;;;;;;;;;;;;x,,
charismatic_leader_conservative;Charismatic Leader: Conservative Party;;;;;;;;;;;;x,,
charismatic_leader_liberal;Charismatic Leader: Liberal Party;;;;;;;;;;;;x,,
charismatic_leader_reactionary;Charismatic Leader: Reactionary Party;;;;;;;;;;;;x,,
charismatic_leader_anarcho_liberal;Charismatic Leader: Anarcho-Liberal Party;;;;;;;;;;;;x,,
charismatic_leader_socialist;Charismatic Leader: Socialist Party;;;;;;;;;;;;x,,
charismatic_leader_communist;Charismatic Leader: Communist Party;;;;;;;;;;;;x,,
charismatic_leader_fascist;Charismatic Leader: Fascist Party;;;;;;;;;;;;x,,
charismatic_leader_social_liberal;Charismatic Leader: Social Liberal Party;;;;;;;;;;;;x,,
charismatic_leader_separatist;Charismatic Leader: Separatist Party;;;;;;;;;;;;x,,
party_quarral_conservative;Party Quarrel: Conservative Party;;;;;;;;;;;;x,,
party_quarral_liberal;Party Quarrel: Liberal Party;;;;;;;;;;;;x,,
party_quarral_reactionary;Party Quarrel: Reactionary Party;;;;;;;;;;;;x,,
party_quarral_anarcho_liberal;Party Quarrel: Anarcho-Liberal Party;;;;;;;;;;;;x,,
party_quarral_socialist;Party Quarrel: Socialist Party;;;;;;;;;;;;x,,
party_quarral_communist;Party Quarrel: Communist Party;;;;;;;;;;;;x,,
party_quarral_fascist;Party Quarrel: Fascist Party;;;;;;;;;;;;x,,
party_quarral_social_liberal;Party Quarrel: Social Liberal Party;;;;;;;;;;;;x,,
party_quarral_separatist;Party Quarrel: Separatist Party;;;;;;;;;;;;x,,
party_splinter_conservative;Party Splinter: Conservative Party;;;;;;;;;;;;x,,
party_splinter_liberal;Party Splinter: Liberal Party;;;;;;;;;;;;x,,
party_splinter_reactionary;Party Splinter: Reactionary Party;;;;;;;;;;;;x,,
party_splinter_anarcho_liberal;Party Splinter: Anarcho-Liberal Party;;;;;;;;;;;;x,,
party_splinter_socialist;Party Splinter: Socialist Party;;;;;;;;;;;;x,,
party_splinter_communist;Party Splinter: Communist Party;;;;;;;;;;;;x,,
party_splinter_fascist;Party Splinter: Fascist Party;;;;;;;;;;;;x,,
party_splinter_social_liberal;Party Splinter: Social Liberal Party;;;;;;;;;;;;x,,
party_splinter_separatist;Party Splinter: Separatist Party;;;;;;;;;;;;x,,
popular_figurehead_conservative_desc;The conservative party has a popular figurehead that is slightly increasing popular support.;;;;;;;;;;;;x,,
popular_figurehead_liberal_desc;The liberal party has a popular figurehead that is slightly increasing popular support.;;;;;;;;;;;;x,,
popular_figurehead_reactionary_desc;The reactionary party has a popular figurehead that is slightly increasing popular support.;;;;;;;;;;;;x,,
popular_figurehead_anarcho_liberal_desc;The anarcho-liberal party has a popular figurehead that is slightly increasing popular support.;;;;;;;;;;;;x,,
popular_figurehead_socialist_desc;The socialist party has a popular figurehead that is slightly increasing popular support.;;;;;;;;;;;;x,,
popular_figurehead_communist_desc;The communist party has a popular figurehead that is slightly increasing popular support.;;;;;;;;;;;;x,,
popular_figurehead_fascist_desc;The fascist party has a popular figurehead that is slightly increasing popular support.;;;;;;;;;;;;x,,
popular_figurehead_social_liberal_desc;The social liberal party has a popular figurehead that is slightly increasing popular support.;;;;;;;;;;;;x,,
popular_figurehead_separatist_desc;The separatist party has a popular figurehead that is slightly increasing popular support.;;;;;;;;;;;;x,,
charismatic_leader_conservative_desc;The conservative party has a charismatic leader that is significantly increasing popular support.;;;;;;;;;;;;x,,
charismatic_leader_liberal_desc;The liberal party has a charismatic leader that is significantly increasing popular support.;;;;;;;;;;;;x,,
charismatic_leader_reactionary_desc;The reactionary party has a charismatic leader that is significantly increasing popular support.;;;;;;;;;;;;x,,
charismatic_leader_anarcho_liberal_desc;The anarcho-liberal party has a charismatic leader that is significantly increasing popular support.;;;;;;;;;;;;x,,
charismatic_leader_socialist_desc;The socialist party has a charismatic leader that is significantly increasing popular support.;;;;;;;;;;;;x,,
charismatic_leader_communist_desc;The communist party has a charismatic leader that is significantly increasing popular support.;;;;;;;;;;;;x,,
charismatic_leader_fascist_desc;The fascist party has a charismatic leader that is significantly increasing popular support.;;;;;;;;;;;;x,,
charismatic_leader_social_liberal_desc;The social liberal party has a charismatic leader that is significantly increasing popular support.;;;;;;;;;;;;x,,
charismatic_leader_separatist_desc;The separatist party has a charismatic leader that is significantly increasing popular support.;;;;;;;;;;;;x,,
party_quarral_conservative_desc;There has been quarrelling within the conservative party, reducing popular support slightly.;;;;;;;;;;;;x,,
party_quarral_liberal_desc;There has been quarrelling within the liberal party, reducing popular support slightly.;;;;;;;;;;;;x,,
party_quarral_reactionary_desc;There has been quarrelling within the reactionary party, reducing popular support slightly.;;;;;;;;;;;;x,,
party_quarral_anarcho_liberal_desc;There has been quarrelling within the anarcho-liberal party, reducing popular support slightly.;;;;;;;;;;;;x,,
party_quarral_socialist_desc;There has been quarrelling within the socialist party, reducing popular support slightly.;;;;;;;;;;;;x,,
party_quarral_communist_desc;There has been quarrelling within the communist party, reducing popular support slightly.;;;;;;;;;;;;x,,
party_quarral_fascist_desc;There has been quarrelling within the fascist party, reducing popular support slightly.;;;;;;;;;;;;x,,
party_quarral_social_liberal_desc;There has been quarrelling within the social liberal party, reducing popular support slightly.;;;;;;;;;;;;x,,
party_quarral_separatist_desc;There has been quarrelling within the separatist party, reducing popular support slightly.;;;;;;;;;;;;x,,
party_splinter_conservative_desc;The conservative party has splintered! This will reduce popular support significantly.;;;;;;;;;;;;x,,
party_splinter_liberal_desc;The liberal party has splintered! This will reduce popular support significantly.;;;;;;;;;;;;x,,
party_splinter_reactionary_desc;The reactionary party has splintered! This will reduce popular support significantly.;;;;;;;;;;;;x,,
party_splinter_anarcho_liberal_desc;The anarcho-liberal party has splintered! This will reduce popular support significantly.;;;;;;;;;;;;x,,
party_splinter_socialist_desc;The socialist party has splintered! This will reduce popular support significantly.;;;;;;;;;;;;x,,
party_splinter_communist_desc;The communist party has splintered! This will reduce popular support significantly.;;;;;;;;;;;;x,,
party_splinter_fascist_desc;The fascist party has splintered! This will reduce popular support significantly.;;;;;;;;;;;;x,,
party_splinter_social_liberal_desc;The social liberal party has splintered! This will reduce popular support significantly.;;;;;;;;;;;;x,,
party_splinter_separatist_desc;The separatist party has splintered! This will reduce popular support significantly.;;;;;;;;;;;;x,,
EVTNAME555030;Party Quarrel: Conservative Party;;;;;;;;;;;;x,,
EVTNAME555031;Party Quarrel: Liberal Party;;;;;;;;;;;;x,,
EVTNAME555032;Party Quarrel: Reactionary Party;;;;;;;;;;;;x,,
EVTNAME555033;Party Quarrel: Anarcho-Liberal Party;;;;;;;;;;;;x,,
EVTNAME555034;Party Quarrel: Socialist Party;;;;;;;;;;;;x,,
EVTNAME555035;Party Quarrel: Communist Party;;;;;;;;;;;;x,,
EVTNAME555036;Party Quarrel: Fascist Party;;;;;;;;;;;;x,,
EVTNAME555037;Party Quarrel: Social Liberal Party;;;;;;;;;;;;x,,
EVTNAME555038;Party Quarrel: Separatist Party;;;;;;;;;;;;x,,
EVTNAME555040;Party Splinter: Conservative Party;;;;;;;;;;;;x,,
EVTNAME555041;Party Splinter: Liberal Party;;;;;;;;;;;;x,,
EVTNAME555042;Party Splinter: Reactionary Party;;;;;;;;;;;;x,,
EVTNAME555043;Party Splinter: Anarcho-Liberal Party;;;;;;;;;;;;x,,
EVTNAME555044;Party Splinter: Socialist Party;;;;;;;;;;;;x,,
EVTNAME555045;Party Splinter: Communist Party;;;;;;;;;;;;x,,
EVTNAME555046;Party Splinter: Fascist Party;;;;;;;;;;;;x,,
EVTNAME555047;Party Splinter: Social Liberal Party;;;;;;;;;;;;x,,
EVTNAME555048;Party Splinter: Separatist Party;;;;;;;;;;;;x,,
EVTNAME555050;Party Alliance: Conservative/Reactionary;;;;;;;;;;;;x,,
EVTNAME555051;Party Alliance: Conservative/Liberal;;;;;;;;;;;;x,,
EVTNAME555052;Party Alliance: Conservative/Socialist;;;;;;;;;;;;x,,
EVTNAME555053;Party Alliance: Liberal/Anarcho Liberal;;;;;;;;;;;;x,,
EVTNAME555054;Party Alliance: Liberal/Socialist;;;;;;;;;;;;x,,
EVTNAME555055;Party Alliance: Liberal/Social Liberal;;;;;;;;;;;;x,,
EVTNAME555056;Party Alliance: Socialist/Communist;;;;;;;;;;;;x,,
EVTNAME555057;Party Alliance: Socialist/Social Liberal;;;;;;;;;;;;x,,
EVTNAME555058;Party Alliance: Fascist/Conservative;;;;;;;;;;;;x,,
EVTNAME555059;Party Alliance: Fascist/Reactionary;;;;;;;;;;;;x,,
EVTNAME555060;End of Quarrel;;;;;;;;;;;;x,,
EVTNAME555061;Healing Wounds;;;;;;;;;;;;x,,
EVTNAME555062;Separate Ways;;;;;;;;;;;;x,,
EVTDESC555030;Rivalry and opposing political points of view have led to a series of unprecedented quarrels within the conservative party. Now the conflict has become public knowledge, and even some die-hard party supporters disapprove of the fact that the conservatives spend more time fighting each other than standing up for their ideals.;;;;;;;;;;;;x,,
EVTDESC555031;Rivalry and opposing political points of view have led to a series of unprecedented quarrels within the liberal party. Now the conflict has become public knowledge, and even some die-hard party supporters disapprove of the fact that the liberals spend more time fighting each other than standing up for their ideals.;;;;;;;;;;;;x,,
EVTDESC555032;Rivalry and opposing political points of view have led to a series of unprecedented quarrels within the reactionary party. Now the conflict has become public knowledge, and even some die-hard party supporters disapprove of the fact that the reactionaries spend more time fighting each other than standing up for their ideals.;;;;;;;;;;;;x,,
EVTDESC555033;Rivalry and opposing political points of view have led to a series of unprecedented quarrels within the anarcho-liberal party. Now the conflict has become public knowledge, and even some die-hard party supporters disapprove of the fact that the anarcho-liberals spend more time fighting each other than standing up for their ideals.;;;;;;;;;;;;x,,
EVTDESC555034;Rivalry and opposing political points of view have led to a series of unprecedented quarrels within the socialist party. Now the conflict has become public knowledge, and even some die-hard party supporters disapprove of the fact that the socialists spend more time fighting each other than standing up for their ideals.;;;;;;;;;;;;x,,
EVTDESC555035;Rivalry and opposing political points of view have led to a series of unprecedented quarrels within the communist party. Now the conflict has become public knowledge, and even some die-hard party supporters disapprove of the fact that the communists spend more time fighting each other than standing up for their ideals.;;;;;;;;;;;;x,,
EVTDESC555036;Rivalry and opposing political points of view have led to a series of unprecedented quarrels within the fascist party. Now the conflict has become public knowledge, and even some die-hard party supporters disapprove of the fact that the fascists spend more time fighting each other than standing up for their ideals.;;;;;;;;;;;;x,,
EVTDESC555037;Rivalry and opposing political points of view have led to a series of unprecedented quarrels within the social liberal party. Now the conflict has become public knowledge, and even some die-hard party supporters disapprove of the fact that the social liberals spend more time fighting each other than standing up for their ideals.;;;;;;;;;;;;x,,
EVTDESC555038;Rivalry and opposing political points of view have led to a series of unprecedented quarrels within the biggest separatist party. Now the conflict has become public knowledge, and even some die-hard party supporters disapprove of the fact that they spend more time fighting each other than standing up for their ideals.;;;;;;;;;;;;x,,
EVTDESC555040;Month of internal conflict within the conservative party have finally taken their toll: Today several high-profile conservatives announced that they would leave the party to create a new political organisation. This is without doubt a black day for any conservative in $COUNTRYNAME$.;;;;;;;;;;;;x,,
EVTDESC555041;Month of internal conflict within the liberal party have finally taken their toll: Today several high-profile liberals announced that they would leave the party to create a new political organisation. This is without doubt a black day for any liberal in $COUNTRYNAME$.;;;;;;;;;;;;x,,
EVTDESC555042;Month of internal conflict within the reactionary party have finally taken their toll: Today several high-profile reactionaries announced that they would leave the party to create a new political organisation. This is without doubt a black day for any reactionary in $COUNTRYNAME$.;;;;;;;;;;;;x,,
EVTDESC555043;Month of internal conflict within the anarcho-liberal party have finally taken their toll: Today several high-profile anarcho-liberals announced that they would leave the party to create a new political organisation. This is without doubt a black day for any anarcho-liberal in $COUNTRYNAME$.;;;;;;;;;;;;x,,
EVTDESC555044;Month of internal conflict within the socialist party have finally taken their toll: Today several high-profile socialists announced that they would leave the party to create a new political organisation. This is without doubt a black day for any socialist in $COUNTRYNAME$.;;;;;;;;;;;;x,,
EVTDESC555045;Month of internal conflict within the communist party have finally taken their toll: Today several high-profile communists announced that they would leave the party to create a new political organisation. This is without doubt a black day for any communist in $COUNTRYNAME$.;;;;;;;;;;;;x,,
EVTDESC555046;Month of internal conflict within the fascist party have finally taken their toll: Today several high-profile fascists announced that they would leave the party to create a new political organisation. This is without doubt a black day for any fascist in $COUNTRYNAME$.;;;;;;;;;;;;x,,
EVTDESC555047;Month of internal conflict within the social liberal party have finally taken their toll: Today several high-profile social liberals announced that they would leave the party to create a new political organisation. This is without doubt a black day for any social liberal in $COUNTRYNAME$.;;;;;;;;;;;;x,,
EVTDESC555048;Month of internal conflict within the separatist parties have finally taken their toll: Today several high-profile separatists announced that they would leave their parties to create a new political organisation. This is without doubt a black day for any separatist in $COUNTRYNAME$.;;;;;;;;;;;;x,,
EVTDESC555050;A historical event took place today, with the conservative and the reactionary party announcing their efforts to start political cooperation. The two parties had been on good terms over several issues for the past few years , but nevertheless a cooperative agreement between them came as surprise to many. Political experts say that this will probably benefit them in short to medium turn.;;;;;;;;;;;;x,,
EVTDESC555051;A historical event took place today, with the conservative and the liberal party announcing their efforts to start political cooperation. The two parties had been on good terms over several issues for the past few years , but nevertheless a cooperative agreement between them came as surprise to many. Political experts say that this will probably benefit them in short to medium turn.;;;;;;;;;;;;x,,
EVTDESC555052;A historical event took place today, with the conservative and the socialist party announcing their efforts to start political cooperation. The two parties had been on good terms over several issues for the past few years , but nevertheless a cooperative agreement between them came as surprise to many. Political experts say that this will probably benefit them in short to medium turn.;;;;;;;;;;;;x,,
EVTDESC555053;A historical event took place today, with the liberal and the anarcho-liberal party announcing their efforts to start political cooperation. The two parties had been on good terms over several issues for the past few years , but nevertheless a cooperative agreement between them came as surprise to many. Political experts say that this will probably benefit them in short to medium turn.;;;;;;;;;;;;x,,
EVTDESC555054;A historical event took place today, with the liberal and the socialist party announcing their efforts to start political cooperation. The two parties had been on good terms over several issues for the past few years , but nevertheless a cooperative agreement between them came as surprise to many. Political experts say that this will probably benefit them in short to medium turn.;;;;;;;;;;;;x,,
EVTDESC555055;A historical event took place today, with the liberal and the social liberal party announcing their efforts to start political cooperation. The two parties had been on good terms over several issues for the past few years , but nevertheless a cooperative agreement between them came as surprise to many. Political experts say that this will probably benefit them in short to medium turn.;;;;;;;;;;;;x,,
EVTDESC555056;A historical event took place today, with the socialist and the communist party announcing their efforts to start political cooperation. The two parties had been on good terms over several issues for the past few years , but nevertheless a cooperative agreement between them came as surprise to many. Political experts say that this will probably benefit them in short to medium turn.;;;;;;;;;;;;x,,
EVTDESC555057;A historical event took place today, with the socialist and the social liberal party announcing their efforts to start political cooperation. The two parties had been on good terms over several issues for the past few years , but nevertheless a cooperative agreement between them came as surprise to many. Political experts say that this will probably benefit them in short to medium turn.;;;;;;;;;;;;x,,
EVTDESC555058;A historical event took place today, with the fascist and the conservative party announcing their efforts to start political cooperation. The two parties had been on good terms over several issues for the past few years , but nevertheless a cooperative agreement between them came as surprise to many. Political experts say that this will probably benefit them in short to medium turn.;;;;;;;;;;;;x,,
EVTDESC555059;A historical event took place today, with the fascist and the reactionary party announcing their efforts to start political cooperation. The two parties had been on good terms over several issues for the past few years , but nevertheless a cooperative agreement between them came as surprise to many. Political experts say that this will probably benefit them in short to medium turn.;;;;;;;;;;;;x,,
EVTDESC555060;Many nasty words had been spoken and many terrible deeds had been done, but it seems that the quarrel within the party was finally resolved. Most of the remaining members have come to terms with each other and it looks like that the party can finally ''get back to business''.;;;;;;;;;;;;x,,
EVTDESC555061;The wounds will heal in time, as will the entire world. The sacrifices have been made. Just as the party members discarded their hatreds and stood united against a common political foe, so did their supporters to banish the Shadow forever.;;;;;;;;;;;;x,,
EVTDESC555062;Today party officials announced the end of the alliance between their two parties. There had been significant disagreement on several issues in the recent past, so this is hardly a surprise for most people. In fact, many wonder how the cooperative agreement between the two parties could actually last that long.;;;;;;;;;;;;x,,
EVTOPTA555030;Tough times for the conservatives;;;;;;;;;;;;x,,
EVTOPTA555031;Tough times for the liberals;;;;;;;;;;;;x,,
EVTOPTA555032;Tough times for the reactionaries;;;;;;;;;;;;x,,
EVTOPTA555033;Tough times for the anarcho-liberals;;;;;;;;;;;;x,,
EVTOPTA555034;Tough times for the socialists;;;;;;;;;;;;x,,
EVTOPTA555035;Tough times for the communists;;;;;;;;;;;;x,,
EVTOPTA555036;Tough times for the fascists;;;;;;;;;;;;x,,
EVTOPTA555037;Tough times for the social liberals;;;;;;;;;;;;x,,
EVTOPTA555038;Cry me a river;;;;;;;;;;;;x,,
EVTOPTA555040;This does not bode well for them...;;;;;;;;;;;;x,,
EVTOPTA555041;This does not bode well for them...;;;;;;;;;;;;x,,
EVTOPTA555042;This does not bode well for them...;;;;;;;;;;;;x,,
EVTOPTA555043;This does not bode well for them...;;;;;;;;;;;;x,,
EVTOPTA555044;This does not bode well for them...;;;;;;;;;;;;x,,
EVTOPTA555045;This does not bode well for them...;;;;;;;;;;;;x,,
EVTOPTA555046;This does not bode well for them...;;;;;;;;;;;;x,,
EVTOPTA555047;This does not bode well for them...;;;;;;;;;;;;x,,
EVTOPTA555048;This does not bode well for them...;;;;;;;;;;;;x,,
EVTOPTA555050;I wonder how long that will last…;;;;;;;;;;;;x,,
EVTOPTA555051;I wonder how long that will last…;;;;;;;;;;;;x,,
EVTOPTA555052;I wonder how long that will last…;;;;;;;;;;;;x,,
EVTOPTA555053;I wonder how long that will last…;;;;;;;;;;;;x,,
EVTOPTA555054;I wonder how long that will last…;;;;;;;;;;;;x,,
EVTOPTA555055;I wonder how long that will last…;;;;;;;;;;;;x,,
EVTOPTA555056;I wonder how long that will last…;;;;;;;;;;;;x,,
EVTOPTA555057;I wonder how long that will last…;;;;;;;;;;;;x,,
EVTOPTA555058;I wonder how long that will last…;;;;;;;;;;;;x,,
EVTOPTA555059;I wonder how long that will last…;;;;;;;;;;;;x,,
EVTOPTA555060;About time;;;;;;;;;;;;x,,
EVTOPTA555061;It will take its place amongst the legends of the past;;;;;;;;;;;;x,,
EVTOPTA555062;Actually longer than I expected;;;;;;;;;;;;x,,
EVTNAME555070;Progress and Prosperity in $COUNTRYNAME$;;;;;;;;;;;;x,,
EVTNAME555071;Progress and Prosperity in $COUNTRYNAME$;;;;;;;;;;;;x,,
EVTNAME555072;Progress and Prosperity in $COUNTRYNAME$;;;;;;;;;;;;x,,
EVTNAME555073;Progress and Prosperity in $COUNTRYNAME$;;;;;;;;;;;;x,,
EVTNAME555074;Progress and Prosperity in $COUNTRYNAME$;;;;;;;;;;;;x,,
EVTDESC555070;Our deeper understanding of Market Structure will help to improve our capitalist, clerk and craftsmen promotion.;;;;;;;;;;;;x,,
EVTDESC555071;Our deeper understanding of Business Regulations will help to improve our capitalist, clerk and craftsmen promotion.;;;;;;;;;;;;x,,
EVTDESC555072;Our deeper understanding of Market Regulations will help to improve our capitalist, clerk and craftsmen promotion.;;;;;;;;;;;;x,,
EVTDESC555073;Our deeper understanding of Economic Responsibility will help to improve our capitalist, clerk and craftsmen promotion.;;;;;;;;;;;;x,,
EVTDESC555074;Our deeper understanding of Government Interventionism will help to improve our capitalist, clerk and craftsmen promotion.;;;;;;;;;;;;x,,
EVTOPTA555070;Show me the money!;;;;;;;;;;;;x,,
EVTOPTA555071;Show me the money!;;;;;;;;;;;;x,,
EVTOPTA555072;Show me the money!;;;;;;;;;;;;x,,
EVTOPTA555073;Show me the money!;;;;;;;;;;;;x,,
EVTOPTA555074;Show me the money!;;;;;;;;;;;;x,,
improved_capitalist_and_worker_promotion_1;Improved Capitalist and Worker Promotion I;;;;;;;;;;;;x,,
improved_capitalist_and_worker_promotion_1_desc;Our deeper understanding of Market Structure will help to improve our capitalist, clerk and craftsmen promotion.;;;;;;;;;;;;x,,
improved_capitalist_and_worker_promotion_2;Improved Capitalist and Worker Promotion II;;;;;;;;;;;;x,,
improved_capitalist_and_worker_promotion_2_desc;Our deeper understanding of Business Regulations will help to improve our capitalist, clerk and craftsmen promotion.;;;;;;;;;;;;x,,
improved_capitalist_and_worker_promotion_3;Improved Capitalist and Worker Promotion III;;;;;;;;;;;;x,,
improved_capitalist_and_worker_promotion_3_desc;Our deeper understanding of Market Regulations will help to improve our capitalist, clerk and craftsmen promotion.;;;;;;;;;;;;x,,
improved_capitalist_and_worker_promotion_4;Improved Capitalist and Worker Promotion IV;;;;;;;;;;;;x,,
improved_capitalist_and_worker_promotion_4_desc;Our deeper understanding of Economic Responsibility will help to improve our capitalist, clerk and craftsmen promotion.;;;;;;;;;;;;x,,
improved_capitalist_and_worker_promotion_5;Improved Capitalist and Worker Promotion V;;;;;;;;;;;;x,,
improved_capitalist_and_worker_promotion_5_desc;Our deeper understanding of Government Interventionism will help to improve our capitalist, clerk and craftsmen promotion.;;;;;;;;;;;;x,,
increased_difficulty;Increased Difficulty;;;;;;;;;;;;x,,
increased_difficulty_desc;Can you handle this? -Ryze;;;;;;;;;;;;x,,
hardcore;H4rdc0r3;;;;;;;;;;;;x,,
hardcore_desc;Wh47 15 y0ur pr0bl3m?;;;;;;;;;;;;x,,
insane;The voices… They talk to me…;;;;;;;;;;;;x,,
insane_desc;…this last one is humming the Tetris theme!;;;;;;;;;;;;x,,
EVTNAME555075;The Age of Nationalism;;;;;;;;;;;;x,,
EVTDESC555075;Every miserable fool who has nothing at all of which he can be proud, adopts as a last resource pride in the nation to which he belongs, he is ready and happy to defend all its faults and follies tooth and nail, thus reimbursing himself for his own inferiority.\n -Arthur Schopenhauer;;;;;;;;;;;;x,,
EVTOPTA555075;Silence! I kill you!;;;;;;;;;;;;x,,
increase_difficulty_title;Increase Difficulty;;;;;;;;;;;;x,,
increase_difficulty_desc;Want a bigger challenge? Click here - if you dare!;;;;;;;;;;;;x,,
reduce_difficulty_title;Reduce Difficulty;;;;;;;;;;;;x,,
reduce_difficulty_desc;Things are getting over your head? Click here to reduce the difficulty level.;;;;;;;;;;;;x,,
go_hardcore_title;Go Hardcore;;;;;;;;;;;;x,,
go_hardcore_desc;Still too easy? Well, a single click can help you…;;;;;;;;;;;;x,,
no_more_please_title;No More Please;;;;;;;;;;;;x,,
no_more_please_desc;…not so though after all, are we?;;;;;;;;;;;;x,,
go_insane_title;Go Insane;;;;;;;;;;;;x,,
go_insane_desc;Falalalala, la, la, falalalala, la, la. Falalalala, la, la…;;;;;;;;;;;;x,,
recover_sanity_title;Recover Sanity;;;;;;;;;;;;x,,
recover_sanity_desc;Death is close…\nYou are already dead.\nYour courage will fail.\nYour friends will abandon you.;;;;;;;;;;;;x,,
EVTNAME555076;The First Vanguard Party;;;;;;;;;;;;x,,
EVTDESC555076;The world's first vanguard party has formed in $COUNTRY$. Their presence will cause a global increase in communism, as others will follow their example.;;;;;;;;;;;;x,,
EVTOPTA555076;We will keep an eye on them;;;;;;;;;;;;x,,
EVTNAME555077;The Vanguard Party of $COUNTRY$;;;;;;;;;;;;x,,
EVTDESC555077;A vanguard party has formed in $COUNTRY$, working tirelessly to win more people for the communist cause. They have started a nation wide campaign that will make our population much more susceptible for communist propaganda.;;;;;;;;;;;;x,,
EVTOPTA555077;We will keep an eye on them;;;;;;;;;;;;x,,
EVTNAME555078;The Great Experiment: Communism;;;;;;;;;;;;x,,
EVTDESC555078;With their old government smashed into bits, $COUNTRY$ has become the first great power on the planet to be ruled by communists. Now the people of the world look towards them, either in awe or in horror - for no one can really say how this great experiment will turn out.;;;;;;;;;;;;x,,
EVTOPTA555078;The tide has turned;;;;;;;;;;;;x,,
EVTNAME555079;The Great Experiment: Fascism;;;;;;;;;;;;x,,
EVTDESC555079;With their old government smashed into bits, $COUNTRY$ has become the first great power on the planet to be ruled by fascists. Now the people of the world look towards them, either in awe or in horror - for no one can really say how this great experiment will turn out.;;;;;;;;;;;;x,,
EVTOPTA555079;The tide has turned;;;;;;;;;;;;x,,
the_eye_of_the_storm;The Eye of the Storm;;;;;;;;;;;;x,,
the_eye_of_the_storm_desc;The goal of the revolution has been achieved, but is it just the calm before another storm?;;;;;;;;;;;;x,,
synthetic_tropical_factory;Synthetic Tropical Wood Factory;;;;;;;;;;;;x,,
synthetic_tropical_factory_desc;Using oil, the synthetic tropical factory produces tropical wood. Vital for nations that do not have ready access to tropical wood.;;;;;;;;;;;;x,,
import_substitution_industrialization_2;Synthetic Tropical Wood Production;;;;;;;;;;;;x,,
import_substitution_industrialization_2_desc;The growth of the global economy in the nineteenth and early twentieth century resulted in increased demand for industrial goods by non-Western societies. However, the realities of war in the industrial age and increasing economic instability of periods of expansion and contraction resulted in non-Western societies at times being unable to meet their needs for industrial goods from the traditional producers of such goods in the West. As a result, an opening for producers in non-Western societies to meet the demand for those industrial goods that could not be acquired easily from the West arose, and industrialization in the non-Western world began to grow. Eventually pressure to protect these new industries from competition from overseas would lead some nations which had maintained political independence to adopt policies of import substitiution industrialization to encourage their societies to break their dependence upon the West for industrial goods and, by extension, strengthen their own societies in the global economic system.;La croissance de l'économie mondiale au XIXe siècle et début du XXe siècle a entraîné une demande accrue pour les produits industriels par les sociétés non occidentales. Cependant, les réalités de la guerre dans l'ère industrielle et l'augmentation de l'instabilité économique avec des périodes d'expansion et de contraction, a entraîné pour les non-occidentaux, une incapacité à répondre à leurs besoins en matière de produits industriels de l'Ouest. En conséquence, un créneau pour les producteurs non occidentaux de répondre à la demande qui ne pouvait être acquise facilement de l'Occident est apparu, et l'industrialisation dans le monde non-occidental a commencé à croître. Finalement, la pression pour protéger ces industries nouvelles de la concurrence de l'étranger a entraînait certains pays qui ont maintenu l'indépendance politique à adopter des politiques d'industrialisation en substitution aux importations afin d'encourager leurs sociétés à rompre leur dépendance à l'égard de l'Occident et, par extension, à renforcer leurs propres sociétés dans le système économique mondial. L'industrialisation de substitution des importations gagna en influence au cours du XXe siècle. ;Das Wachstum der Weltwirtschaft im neunzehnten und frühen zwanzigsten Jahrhundert führte zu einer gesteigerten Industriegüternachfrage durch nichtwestliche Gesellschaften. Die Kriege des Industriezeitalters und die zunehmende wirtschaftliche Instabilität führte in nichtwestlichen Gesellschaften jedoch zeitweilig dazu, dass sie ihren Industriegüterbedarf nicht mehr mit Lieferungen von den angestammten Produzenten dieser Güter im Westen decken konnten. Dies gab Produzenten aus nichtwestlichen Gesellschaften stetig besser werdende Möglichkeiten, den Bedarf von Industriegütern, der durch die Einfuhr von Westimporten nicht einfach gedeckt werden konnte, mit lokalen Produkten zu decken. Dies führte zu einer zunehmenden Industrialisierung der nichtwestlichen Welt. Schließlich führte der Druck, diese neuen Industrien vor der Konkurrenz aus Übersee zu schützen, in einigen Nationen, die sich ihre politische Unabhängigkeit zur Anwendung der Importsubstitutions-Industrialisierung bewahrt hatten, dazu, ihre Industriegüter-bezogene Abhängigkeit vom Westen zu beenden und die Stellung ihrer eigenen Gesellschaften im globalen Wirtschaftssystem zu kräftigen. Die Importsubstitutions-Industrialisierung wurde im Verlauf des zwanzigsten Jahrhunderts immer wichtiger, da die Ressourcen des Westens zunehmend zur Lösung westlicher Probleme eingesetzt wurden.;;El crecimiento de la economía mundial en el siglo XIX y principios del XX provocó un aumento de la demanda de bienes industriales en países no occidentales. Sin embargo, las realidades de la guerra en la era industrial y la creciente inestabilidad económica, con periodos de expansión y contracción cada vez más marcados, provocaron que, en determinados momentos, estos países no pudieran satisfacer sus necesidades a través de sus productores habituales, en occidente. Como consecuencia de ello, se crearon las condiciones necesarias para la aparición de productores no occidentales, capaces de nutrir la demanda de bienes industriales, lo que fomentó la industrialización del mundo no occidental. Al final, la presión para proteger estas industrias frente a la competición extranjera llevaría a algunos países que habían mantenido su independencia política a adoptar políticas de industrialización para sustituir las importaciones, a fin de romper su dependencia de los productos industriales occidentales y, por extensión, reforzar su papel en el sistema económico global. La industrialización sustitutiva iría cobrando mayor importancia a lo largo del siglo XX, a medida que los recursos de occidente se emplearan cada vez más para resolver los problemas de occidente.;;;;;;;;x,,
improved_synthetic_materials;Improved Synthetic Materials;;;;;;;;;;;;x,,
improved_synthetic_materials_desc;Due to the invention of new synthetic materials we can now use our resources much more efficiently;;;;;;;;;;;;x,,
colonial_exploitation;Colonial Exploitation;;;;;;;;;;;;x,,
colonial_exploitation_desc;Exploitation colonialism involves fewer colonists and focuses on access to resources for export, typically to the metropole. This category includes trading posts as well as larger colonies where colonists would constitute much of the political and economic administration, but would rely on indigenous resources for labour and material.;;;;;;;;;;;;x,,
hide_extra_decisions_title;Hide Extra Decisions;;;;;;;;;;;;x,,
hide_extra_decisions_desc;A cluttered decision tab is quite annoying. This decision allows you to hide other toggle decisions.;;;;;;;;;;;;x,,
show_extra_decisions_title;Show Extra Decisions;;;;;;;;;;;;x,,
show_extra_decisions_desc;Want to toggle something? Click here to show the other decisions.;;;;;;;;;;;;x,,
synthetic_oil;Synthetic Oil;;;;;;;;;;;;x,,
synthetic_oil_desc;Petroleum, in one form or another, has been used since ancient times, and is now important across society, including in economy, politics and technology. The rise in importance was due to the invention of the internal combustion engine, the rise in commercial aviation, and the importance of petroleum to industrial organic chemistry, particularly the synthesis of plastics, fertilizers, solvents, adhesives and pesticides.;;;;;;;;;;;;x,,
oversized_industry_1850;Oversized Industry;;;;;;;;;;;;x,,
oversized_industry_1860;Oversized Industry;;;;;;;;;;;;x,,
oversized_industry_1870;Oversized Industry;;;;;;;;;;;;x,,
oversized_industry_1880;Oversized Industry;;;;;;;;;;;;x,,
oversized_industry_1890;Oversized Industry;;;;;;;;;;;;x,,
oversized_industry_1900;Oversized Industry;;;;;;;;;;;;x,,
oversized_industry_1920;Oversized Industry;;;;;;;;;;;;x,,
oversized_industry_1940;Oversized Industry;;;;;;;;;;;;x,,
oversized_industry_1850_desc;Our rapid industrial growth has reached a critical point, leading to many different problems.;;;;;;;;;;;;x,,
oversized_industry_1860_desc;Our rapid industrial growth has reached a critical point, leading to many different problems.;;;;;;;;;;;;x,,
oversized_industry_1870_desc;Our rapid industrial growth has reached a critical point, leading to many different problems.;;;;;;;;;;;;x,,
oversized_industry_1880_desc;Our rapid industrial growth has reached a critical point, leading to many different problems.;;;;;;;;;;;;x,,
oversized_industry_1890_desc;Our rapid industrial growth has reached a critical point, leading to many different problems.;;;;;;;;;;;;x,,
oversized_industry_1900_desc;Our rapid industrial growth has reached a critical point, leading to many different problems.;;;;;;;;;;;;x,,
oversized_industry_1920_desc;Our rapid industrial growth has reached a critical point, leading to many different problems.;;;;;;;;;;;;x,,
oversized_industry_1940_desc;Our rapid industrial growth has reached a critical point, leading to many different problems.;;;;;;;;;;;;x,,
excessive_industry_1850;Excessive Industry;;;;;;;;;;;;x,,
excessive_industry_1860;Excessive Industry;;;;;;;;;;;;x,,
excessive_industry_1870;Excessive Industry;;;;;;;;;;;;x,,
excessive_industry_1880;Excessive Industry;;;;;;;;;;;;x,,
excessive_industry_1890;Excessive Industry;;;;;;;;;;;;x,,
excessive_industry_1900;Excessive Industry;;;;;;;;;;;;x,,
excessive_industry_1920;Excessive Industry;;;;;;;;;;;;x,,
excessive_industry_1940;Excessive Industry;;;;;;;;;;;;x,,
excessive_industry_1850_desc;We have become a giant industrial Moloch, devouring more resources than is good for us.;;;;;;;;;;;;x,,
excessive_industry_1860_desc;We have become a giant industrial Moloch, devouring more resources than is good for us.;;;;;;;;;;;;x,,
excessive_industry_1870_desc;We have become a giant industrial Moloch, devouring more resources than is good for us.;;;;;;;;;;;;x,,
excessive_industry_1880_desc;We have become a giant industrial Moloch, devouring more resources than is good for us.;;;;;;;;;;;;x,,
excessive_industry_1890_desc;We have become a giant industrial Moloch, devouring more resources than is good for us.;;;;;;;;;;;;x,,
excessive_industry_1900_desc;We have become a giant industrial Moloch, devouring more resources than is good for us.;;;;;;;;;;;;x,,
excessive_industry_1920_desc;We have become a giant industrial Moloch, devouring more resources than is good for us.;;;;;;;;;;;;x,,
excessive_industry_1940_desc;We have become a giant industrial Moloch, devouring more resources than is good for us.;;;;;;;;;;;;x,,
land_reform;Agriculture;Réforme rurale;Landreform;;;;;;;;;;x,,
land_reform_l;Agriculture;Réforme agraire;Landreform;;;;;;;;;;x,,
admin_reform;Administration;Réforme administrative;Verwaltungsreform;;;;;;;;;;x,,
admin_reform_l;Administration;Réforme administrative;Verwaltungsreform;;;;;;;;;;x,,
finance_reform;Finances;Réforme financière;Finanzreform;;;;;;;;;;x,,
finance_reform_l;Finances;Réforme financière;Finanzreform;;;;;;;;;;x,,
education_reform;Education;Réforme de l'éducation;Bildungsreform;;;;;;;;;;x,,
education_reform_l;Education;Réforme de l'éducation;Bildungsreform;;;;;;;;;;x,,
transport_improv;Transportation;Système de transport;Transportsystem;;;;;;;;;;x,,
transport_improv_l;Transportation;Système de transport;Transportsystem;;;;;;;;;;x,,
pre_indust;Industry;Préindustrialisation;Frühe Industrialisierung;;;;;;;;;;x,,
pre_indust_l;Industry;Préindustrialisation;Frühe Industrialisierung;;;;;;;;;;x,,
industrial_construction;Construction;Construction industrielle;Industrielle Konstruktion;;;;;;;;;;x,,
industrial_construction_l;Construction;Construction industrielle;Industrielle Konstruktion;;;;;;;;;;x,,
foreign_weapons;Armament;Armes étrangères;Ausländische Waffen;;;;;;;;;;x,,
foreign_weapons_l;Armament;Armes étrangères;Ausländische Waffen;;;;;;;;;;x,,
military_constructions;Fortifications;Constructions militaires;Militärische Konstruktionen;;;;;;;;;;x,,
military_constructions_l;Fortifications;Constructions militaires;Militärische Konstruktionen;;;;;;;;;;x,,
foreign_officers;Army Officers;Entraînement d'officier;Offiziersausbildung;;;;;;;;;;x,,
foreign_officers_l;Army Officers;Entraînement d'officier;Offiziersausbildung;;;;;;;;;;x,,
army_schools;Army Training;Entraînement militaire;Armeeausbildung;;;;;;;;;;x,,
army_schools_l;Army Training;Entraînement militaire;Armeeausbildung;;;;;;;;;;x,,
foreign_naval_officers;Naval Officers;Officiers de marine;Marineoffiziere;;;;;;;;;;x,,
foreign_naval_officers_l;Naval Officers;Officiers de marine;Marineoffiziere;;;;;;;;;;x,,
naval_schools;Naval Training;Entraînement naval;Marineausbildung;;;;;;;;;;x,,
naval_schools_l;Naval Training;Entraînement naval;Marineausbildung;;;;;;;;;;x,,
foreign_navies;Naval Units;Unités navales étrangères;Ausländische Marineeinheiten;;;;;;;;;;x,,
foreign_navies_l;Naval Units;Unités navales étrangères;Ausländische Marineeinheiten;;;;;;;;;;x,,
foreign_training;Military Drill;;;;;;;;;;;;x,,
foreign_training_l;Military Drill;;;;;;;;;;;;x,,
naval_facilities;Naval Facilities;;;;;;;;;;;;x,,
naval_facilities_l;Naval Facilities;;;;;;;;;;;;x,,
naval_architecture;Naval Design;;;;;;;;;;;;x,,
naval_architecture_l;Naval Design;;;;;;;;;;;;x,,
disciplinary_reform;Judiciaries;;;;;;;;;;;;x,,
disciplinary_reform_l;Judiciaries;;;;;;;;;;;;x,,
diplomatic_reform;Diplomacy;;;;;;;;;;;;x,,
diplomatic_reform_l;Diplomacy;;;;;;;;;;;;x,,
taxation_reform;Taxation;;;;;;;;;;;;x,,
taxation_reform_l;Taxation;;;;;;;;;;;;x,,
medicine_reform;Medicine;;;;;;;;;;;;x,,
medicine_reform_l;Medicine;;;;;;;;;;;;x,,
academic_institutions;School System;;;;;;;;;;;;x,,
academic_institutions_l;School System;;;;;;;;;;;;x,,
army_command_principle;Army Command Principle;Hiérarchie militaire;Das Kommandoprinzip;;El Principio de Mando;;;;;;;;x,,
army_command_principle_desc;Army Command Principle;Hiérarchie militaire;Das Kommandoprinzip;;El Principio de Mando;;;;;;;;x,,
the_command_principle;Naval Command Principle;Hiérarchie militaire;Das Kommandoprinzip;;El Principio de Mando;;;;;;;;x,,
the_command_principle_desc;Naval Command Principle;Hiérarchie militaire;Das Kommandoprinzip;;El Principio de Mando;;;;;;;;x,,
EVTNAME555080;Rebel Armament;;;;;;;;;;;;x,,
EVTDESC555080;The rebel armies around the world have adopted new weapons and tactics.;;;;;;;;;;;;x,,
EVTOPTA555080;Let the world tremble!;;;;;;;;;;;;x,,
EVTNAME555081;Rebel Armament;;;;;;;;;;;;x,,
EVTDESC555081;The rebel armies around the world have adopted new weapons and tactics.;;;;;;;;;;;;x,,
EVTOPTA555081;Let the world tremble!;;;;;;;;;;;;x,,
EVTNAME555082;Rebel Armament;;;;;;;;;;;;x,,
EVTDESC555082;The rebel armies around the world have adopted new weapons and tactics.;;;;;;;;;;;;x,,
EVTOPTA555082;Let the world tremble!;;;;;;;;;;;;x,,
EVTNAME555083;Rebel Armament;;;;;;;;;;;;x,,
EVTDESC555083;The rebel armies around the world have adopted new weapons and tactics.;;;;;;;;;;;;x,,
EVTOPTA555083;Let the world tremble!;;;;;;;;;;;;x,,
professional_officers;Professional officers;;;;;;;;;;;;x,,
professional_officers_l;Professional officers;;;;;;;;;;;;x,,
professional_officers_desc;Our troops AND officers are the finest in the world. For real this time.;;;;;;;;;;;;x,,
professional_naval_officers;Professional naval officers;;;;;;;;;;;;x,,
professional_naval_officers_l;Professional naval officers;;;;;;;;;;;;x,,
professional_naval_officers_desc;Our captains are well trained professionals.;;;;;;;;;;;;x,,
advanced_foreign_training;Advanced foreign training;;;;;;;;;;;;x,,
advanced_foreign_training_l;Advanced foreign training;;;;;;;;;;;;x,,
advanced_foreign_training_desc;Our troops have mastered modern techniques.;;;;;;;;;;;;x,,
advanced;Advanced;;;;;;;;;;;;x,,
advanced_l;Advanced;;;;;;;;;;;;x,,
advanced_desc;REALLY advanced ship design. It's like rocket science for the Victorian era.;;;;;;;;;;;;x,,
advanced_military_constructions;Modern fortifications;;;;;;;;;;;;x,,
advanced_military_constructions_l;Modern fortifications;;;;;;;;;;;;x,,
advanced_military_constructions_desc;These fortifications can actually withstand enemy fire.;;;;;;;;;;;;x,,
naval_infrastructure;Naval infrastructure;;;;;;;;;;;;x,,
naval_infrastructure_l;Naval infrastructure;;;;;;;;;;;;x,,
naval_infrastructure_desc;We have set up a network of naval bases and outposts.;;;;;;;;;;;;x,,
army_academies;Army academies;;;;;;;;;;;;x,,
army_academies_l;Army academies;;;;;;;;;;;;x,,
army_academies_desc;We have established a national college to train our officers.;;;;;;;;;;;;x,,
naval_academies;Naval academies;;;;;;;;;;;;x,,
naval_academies_l;Naval academies;;;;;;;;;;;;x,,
naval_academies_desc;Man the cannons lads, thar she sails!;;;;;;;;;;;;x,,
advanced_agriculture;Modern agriculture;;;;;;;;;;;;x,,
advanced_agriculture_l;Modern agriculture;;;;;;;;;;;;x,,
advanced_agriculture_desc;Adapting new techniques will increase our RGO output significantly.;;;;;;;;;;;;x,,
advanced_admin_reform;Modern administration;;;;;;;;;;;;x,,
advanced_admin_reform_l;Modern administration;;;;;;;;;;;;x,,
advanced_admin_reform_desc;Our administration is now REALLY modern and efficient. By the way, do you have any idea where I can get permit A39?;;;;;;;;;;;;x,,
advanced_education_reform;Modernized system;;;;;;;;;;;;x,,
advanced_education_reform_l;Modernized system;;;;;;;;;;;;x,,
advanced_education_reform_desc;The newest ideas for everyone.;;;;;;;;;;;;x,,
advanced_industrial_construction;Advanced Construction;;;;;;;;;;;;x,,
advanced_industrial_construction_l;Advanced Construction;;;;;;;;;;;;x,,
advanced_industrial_construction_desc;We have adopted all modern techniques.;;;;;;;;;;;;x,,
advanced_transport;Advanced;;;;;;;;;;;;x,,
advanced_transport_l;Advanced;;;;;;;;;;;;x,,
advanced_transport_desc;Transportation system is modern AND efficient.;;;;;;;;;;;;x,,
balanced_diplomacy;Experienced;;;;;;;;;;;;x,,
balanced_diplomacy_l;Experienced;;;;;;;;;;;;x,,
balanced_diplomacy_desc;Our officials have learned how to avoid faux pas. (Adopting this reform will reduce the chance of negative events.);;;;;;;;;;;;x,,
winds_of_change;Winds of Change;;;;;;;;;;;;x,,
winds_of_change_desc;The world is changing - we can feel it in the wind.;;;;;;;;;;;;x,,
no_navy;No Navy;;;;;;;;;;;;x,,
no_navy_desc;Our nation has a coastline but no navy - we are laughing stock of the entire world!;;;;;;;;;;;;x,,
no_army;No Army;;;;;;;;;;;;x,,
no_army_desc;Our nation has no military whatsoever. Surely you are just ''reorganizing'' our army, am I right?;;;;;;;;;;;;x,,
small_navy;Small Navy;;;;;;;;;;;;x,,
small_navy_desc;Our navy is quite small. People are not impressed.\n(Maintain 10 ships or more to remove this penalty.);;;;;;;;;;;;x,,
ai_income_boost;AI Income Boost;;;;;;;;;;;;x,,
ai_income_boost_desc;What's breaking into a bank compared with founding a bank?''\n - Bertolt Brecht ;;;;;;;;;;;;x,,
build_fort_level_1_title;Construct Fortifications;;;;;;;;;;;;x,,
build_fort_level_1_desc;Constructing forts is a nightmare for larger nations. This decision will construct level 1 forts in all of your provinces. Your mouse hand will be thankful.\n\nBe a gentlemen! Do not abuse it for cheap instant defences. ;;;;;;;;;;;;x,,
fort_constructions;Fort Constructions;;;;;;;;;;;;x,,
fort_constructions_desc;Our national resources are currently used to construct fortifications.;;;;;;;;;;;;x,,
EVTNAME555084;A Sad State of Affairs;;;;;;;;;;;;x,,
EVTDESC555084;Let us be frank: The AI in Victoria 2 is no challenge for a decent player. Even on the highest difficulty levels, it simply cannot handle the multitude of strategic decisions that have to be made to run a country efficiently. You have a brain, the AI doesn't. It would only be fair to grant it some additional benefits.;;;;;;;;;;;;x,,
EVTOPTA555084;Aid the AI with pop promotion and tax income (Recommended);;;;;;;;;;;;x,,
EVTOPTB555084;Aid the AI with pop promotion;;;;;;;;;;;;x,,
EVTOPTC555084;Aid the AI with tax income;;;;;;;;;;;;x,,
EVTOPTD555084;Frankly, I don't give a damn (Meanie!);;;;;;;;;;;;x,,
colonial_rebels_title;Colonial;;;;;;;;;;;;x,,
colonial_rebels_name;Colonial Rebels;;;;;;;;;;;;x,,
colonial_rebels_desc;These rebels will rise against their colonial masters and wreck havoc within the colonies.;;;;;;;;;;;;x,,
colonial_rebels_army;Colonial Rebels;;;;;;;;;;;;x,,
the_police_state_effect;The Police State;;;;;;;;;;;;x,,
the_police_state_effect_desc;Wäre es da nicht doch einfacher, die Regierung löste das Volk auf und wählte ein anderes?'' - Bertolt Brecht: ''Die Lösung'';;;;;;;;;;;;x,,
staff_command_support;Staff Command Support (+);;;;;;;;;;;;x,,
railroad_transport_groups;Railroad Transportation Groups (+);;;;;;;;;;;;x,,
synchronized_heavy_support;Synchronized Heavy Support (+);;;;;;;;;;;;x,,
gas_attack_capability;Gas Attack Capability (+);;;;;;;;;;;;x,,
gas_defense_capability;Gas Defense Capability (+);;;;;;;;;;;;x,,
low_echelon_fire_support;Low Echelon Fire Support (+);;;;;;;;;;;;x,,
tank_experiments;Tank Experiments (+);;;;;;;;;;;;x,,
tankette;Tankette (+);;;;;;;;;;;;x,,
light_tank;Light Tank (+);;;;;;;;;;;;x,,
armoured_cars;Armoured Cars (+);;;;;;;;;;;;x,,
army_academic_training;Academic Training (+);;;;;;;;;;;;x,,
field_training;Field Training (+);;;;;;;;;;;;x,,
army_societal_status;Societal Status (+);;;;;;;;;;;;x,,
army_independent_command;Independent Command (+);;;;;;;;;;;;x,,
army_continuous_issuing_of_orders;Continuous Issuing of Orders (+);;;;;;;;;;;;x,,
army_delegated_power;Delegated Power (+);;;;;;;;;;;;x,,
army_wargames;Wargames (+);;;;;;;;;;;;x,,
army_alternative_plans;Alternative Plans (+);;;;;;;;;;;;x,,
army_literate_ncos;Literate NCOs' (+);;;;;;;;;;;;x,,
nco_field_training;NCO Field Training (+);;;;;;;;;;;;x,,
army_nco_tactical_training;NCO Tactical Training  (+);;;;;;;;;;;;x,,
monopoly_structure;Monopoly Structure (*);;;;;;;;;;;;x,,
oligopoly_structure;Oligopoly Structure (*);;;;;;;;;;;;x,,
polypoly_structure;Polypoly Structure (*);;;;;;;;;;;;x,,
nihilism_and_the_will;Nihilism and The Will (+);;;;;;;;;;;;x,,
futurism;Futurism (+);;;;;;;;;;;;x,,
direct_current;Direct Current (+);;;;;;;;;;;;x,,
alternating_current;Alternating Current (+);;;;;;;;;;;;x,,
polyphase_system;Polyphase System (+);;;;;;;;;;;;x,,
sharp_n_roberts_power_loom;Sharp & Roberts Power Loom (+);;;;;;;;;;;;x,,
jacquard_power_loom;Jacquard Power Loom (+);;;;;;;;;;;;x,,
northrop_power_loom;Northrop Power Loom (+);;;;;;;;;;;;x,,
mechanical_saw;Mechanical Saw (+);;;;;;;;;;;;x,,
mechanical_precision_saw;Mechanical Precision Saw (+);;;;;;;;;;;;x,,
hussey_n_mccormicks_reaping_machine;Hussey & McCormicks Reaping Machine (+);;;;;;;;;;;;x,,
pitts_threshing_machine;Pitts Threshing Machine (+);;;;;;;;;;;;x,,
brown_water_school;Brown Water School (*);;;;;;;;;;;;x,,
blue_water_school;Blue Water School (*);;;;;;;;;;;;x,,
offensive_attitude;Offensive Attitude (*);;;;;;;;;;;;x,,
defensive_attitude;Defensive Attitude (*);;;;;;;;;;;;x,,
ironclads;Ironclads (+);;;;;;;;;;;;x,,
monitors;Monitors (+);;;;;;;;;;;;x,,
protected_cruisers;Protected Cruisers (+);;;;;;;;;;;;x,,
pre_dreadnought;Pre Dreadnought (+);;;;;;;;;;;;x,,
dreadnoughts;Dreadnoughts (+);;;;;;;;;;;;x,,
light_cruisers;Light Cruisers (*);;;;;;;;;;;;x,,
battlecruisers;Battlecruisers  (*);;;;;;;;;;;;x,,
ocean_going_submarines;Ocean Going Submarines (+);;;;;;;;;;;;x,,
advanced_cruisers;Advanced Cruisers (*);;;;;;;;;;;;x,,
modern_cruisers;Modern Cruisers (*);;;;;;;;;;;;x,,
advanced_battlecruisers;Advanced Battlecruisers (*);;;;;;;;;;;;x,,
modern_battleships;Modern Battleships (*);;;;;;;;;;;;x,,
advanced_submarines;Advanced Submarines (+);;;;;;;;;;;;x,,
modern_battlecruisers;Modern Battlecruisers (*);;;;;;;;;;;;x,,
firepower_doctrine;Firepower Doctrine (*);;;;;;;;;;;;x,,
superior_mobility_doctrine;Superior Mobility Doctrine (*);;;;;;;;;;;;x,,
Armoured_fist_doctrine;Armoured Fist Doctrine (*);;;;;;;;;;;;x,,
motorised_infantry_doctrine;Motorised Infantry Doctrine (*);;;;;;;;;;;;x,,
heavy_support_doctrine;Heavy Support Doctrine (*);;;;;;;;;;;;x,,
siege_doctrine;Siege Doctrine (*);;;;;;;;;;;;x,,
grand_battle_plan_doctrine;Grand Battle Plan Doctrine (*);;;;;;;;;;;;x,,
superior_firepower_doctrine;Superior Firepower Doctrine (*);;;;;;;;;;;;x,,
human_wave_doctrine;Human Wave Doctrine (*);;;;;;;;;;;;x,,
spearhead_doctrine;Spearhead Doctrine (*);;;;;;;;;;;;x,,
Populism;Populism (*);;;;;;;;;;;;x,,
Establishment;Establishment (*);;;;;;;;;;;;x,,
Clericalism;Clericalism (*);;;;;;;;;;;;x,,
Anticlericalism;Anticlericalism (*);;;;;;;;;;;;x,,
Bureaucracy;Bureaucracy (*);;;;;;;;;;;;x,,
Nepotism;Nepotism (*);;;;;;;;;;;;x,,
Aristocracy;Aristocracy (*);;;;;;;;;;;;x,,
Meritocracy;Meritocracy (*);;;;;;;;;;;;x,,
jominian_attitude;Jominian Attitude (*);;;;;;;;;;;;x,,
clausewitzian_theory;Clausewitzian Theory (*);;;;;;;;;;;;x,,
cinematographic_propaganda;Cinematographic Propaganda (+);;;;;;;;;;;;x,,
luxury_focus;Luxury Focus (*);;;;;;;;;;;;x,,
necessity_focus;Necessity Focus (*);;;;;;;;;;;;x,,
high_tech_focus;High Tech Focus (*);;;;;;;;;;;;x,,
tropical_lumber_mills;Tropical Lumber Mills (+);;;;;;;;;;;;x,,
rubber_boot_factories;Rubber Boot Factories (+);;;;;;;;;;;;x,,
fashion_houses;Fashion Houses (+);;;;;;;;;;;;x,,
modernist_furnishing;Modernist Furnishing (+);;;;;;;;;;;;x,,
fertilizer_plants;Fertilizer Plants (+);;;;;;;;;;;;x,,
steamer_shipyards;Steamer Shipyards (+);;;;;;;;;;;;x,,
triode;Triode (+);;;;;;;;;;;;x,,
tetrode;Tetrode (+);;;;;;;;;;;;x,,
crystal_radio;Crystal Radio (+);;;;;;;;;;;;x,,
valve_radio_sets;Valve Radio Sets (+);;;;;;;;;;;;x,,
carbon_transmitter;Carbon Transmitter (+);;;;;;;;;;;;x,,
candlestick_telephone;Candlestick Telephone (+);;;;;;;;;;;;x,,
the_periodic_table;The Periodic Table (+);;;;;;;;;;;;x,,
lenin;Lenin (*);;;;;;;;;;;;x,,
trotsky;Trotsky (*);;;;;;;;;;;;x,,
mussolini;Mussolini (*);;;;;;;;;;;;x,,
louis_pasteur;Louis Pasteur (*);;;;;;;;;;;;x,,
robert_koch;Robert Koch (*);;;;;;;;;;;;x,,
cholera_vaccine;Cholera Vaccine (+);;;;;;;;;;;;x,,
antitoxins;Antitoxins (+);;;;;;;;;;;;x,,
vitamins;Vitamins (+);;;;;;;;;;;;x,,
sanitation;Sanitation (+);;;;;;;;;;;;x,,
tractors;Tractors (#);;;;;;;;;;;;x,,
edison_light_bulb;Edison Light Bulb (#);;;;;;;;;;;;x,,
nitroglycerin;Nitroglycerin (#);;;;;;;;;;;;x,,
distribution_channels;Distribution Channels (#);;;;;;;;;;;;x,,
machine_tools;Machine Tools (#);;;;;;;;;;;;x,,
artificial_fertilizers;Artificial Fertilizers (#);;;;;;;;;;;;x,,
carbon_soil_enrichment;Carbon Soil Enrichment (#);;;;;;;;;;;;x,,
EVTNAME555090;Colonial Maintenance;;;;;;;;;;;;x,,
EVTDESC555090;It is time to tidy up the colonies.;;;;;;;;;;;;x,,
EVTOPTA555090;With pleasure;;;;;;;;;;;;x,,
colonial_maintenance;Colonial Maintenance;;;;;;;;;;;;x,,
colonial_maintenance_desc;The annual colonial maintenance has occurred.;;;;;;;;;;;;x,,
colonial_province;Colonial Province;;;;;;;;;;;;x,,
colonial_province_desc;This province has reduced consciousness.;;;;;;;;;;;;x,,
plurality_0_10;Plurality;;;;;;;;;;;;x,,
plurality_10_20;Plurality;;;;;;;;;;;;x,,
plurality_20_30;Plurality;;;;;;;;;;;;x,,
plurality_30_40;Plurality;;;;;;;;;;;;x,,
plurality_40_50;Plurality;;;;;;;;;;;;x,,
plurality_50_60;Plurality;;;;;;;;;;;;x,,
plurality_60_70;Plurality;;;;;;;;;;;;x,,
plurality_70_80;Plurality;;;;;;;;;;;;x,,
plurality_80_90;Plurality;;;;;;;;;;;;x,,
plurality_90_100;Plurality;;;;;;;;;;;;x,,
literacy_0_10;Literacy;;;;;;;;;;;;x,,
literacy_10_20;Literacy;;;;;;;;;;;;x,,
literacy_20_30;Literacy;;;;;;;;;;;;x,,
literacy_30_40;Literacy;;;;;;;;;;;;x,,
literacy_40_50;Literacy;;;;;;;;;;;;x,,
literacy_50_60;Literacy;;;;;;;;;;;;x,,
literacy_60_70;Literacy;;;;;;;;;;;;x,,
literacy_70_80;Literacy;;;;;;;;;;;;x,,
literacy_80_90;Literacy;;;;;;;;;;;;x,,
literacy_90_100;Literacy;;;;;;;;;;;;x,,
the_concert_of_europe;The Early Years;;;;;;;;;;;;x,,
aerial_support;Aerial Support;;;;;;;;;;;;
aerial_support_desc;The use of aircraft in the close air support of ground forces dates back to World War I, the first significant use of aerial units in warfare. Air warfare, and indeed aviation itself, was still in its infancy - and the direct effect of rifle calibre machine guns and light bombs of World War I aircraft was very limited compared with the power of (for instance) a World War II fighter bomber, but close support aircraft still had a powerful psychological impact.;;;;;;;;;;;;
crop_rotation_invention;Crop Rotation (#);;;;;;;;;;;;
crop_rotation_invention_desc;Crop rotation gives various nutrients to the soil. A traditional element of crop rotation is the replenishment of nitrogen through the use of green manure in sequence with cereals and other crops. Crop rotation also mitigates the build-up of pathogens and pests that often occurs when one species is continuously cropped, and can also improve soil structure and fertility by alternating deep-rooted and shallow-rooted plants.;;;;;;;;;;;;
shaft_mining_invention;Shaft Mining (#);;;;;;;;;;;;
shaft_mining_invention_desc;"Shaft sinking refers to the general activity, however shallow shafts, typically sunk for civil engineering projects differ greatly in execution method from deep shafts, typically sunk for mining projects. When the top of the excavation is the ground surface, it is referred to as a shaft; when the top of the excavation is underground, it is called a winze or a sub-shaft.";;;;;;;;;;;;
pit_mining_invention;Pit Mining (#);;;;;;;;;;;;
pit_mining_invention_desc;"Open-pit mining is a surface mining technique of extracting rock or minerals from the earth by their removal from an open pit or borrow. This form of mining differs from extractive methods that require tunnelling into the earth such as long wall mining. Open-pit mines are used when deposits of commercially useful minerals or rock are found near the surface; that is, where the overburden (surface material covering the valuable deposit) is relatively thin or the material of interest is structurally unsuitable for tunnelling (as would be the case for sand, cinder, and gravel).";;;;;;;;;;;;
strip_mining_invention;Strip Mining (#);;;;;;;;;;;;
strip_mining_invention_desc;Strip mining is the practice of mining a seam of mineral, by first removing a long strip of overlying soil and rock (the overburden). It is most commonly used to mine coal and lignite (brown coal). Strip mining is only practical when the ore body to be excavated is relatively near the surface. This type of mining uses some of the largest machines on earth, including bucket-wheel excavators which can move as much as 12,000 cubic meters of earth per hour.;;;;;;;;;;;;
social_dissent;Social Dissent;;;;;;;;;;;;x,,
social_tensions;Social Tensions;;;;;;;;;;;;x,,
social_disorder;Social Disorder;;;;;;;;;;;;x,,
social_chaos;Social Chaos;;;;;;;;;;;;x,,
populationsize_25k;Population 25k;;;;;;;;;;;;x
populationsize_25k_desc;Our population has reached twenty-five thousand people.;;;;;;;;;;;;x
populationsize_50k;Population 50k;;;;;;;;;;;;x
populationsize_50k_desc;Our population has reached fifty thousand people.;;;;;;;;;;;;x
populationsize_250k;Population 250k;;;;;;;;;;;;x
populationsize_250k_desc;Our population has reached two hundred fifty thousand people.;;;;;;;;;;;;x
populationsize_500k;Population 500k;;;;;;;;;;;;x
populationsize_500k_desc;Our population has reached five hundred thousand people.;;;;;;;;;;;;x
populationsize_2_5M;Population 2.5 Million;;;;;;;;;;;;x
populationsize_2_5M_desc;Our population has reached two and a half million people.;;;;;;;;;;;;x
populationsize_5M;Population 5 Million;;;;;;;;;;;;x
populationsize_5M_desc;Our population has reached five million people.;;;;;;;;;;;;x
populationsize_25M;Population 25 Million;;;;;;;;;;;;x
populationsize_25M_desc;Our population has reached twenty-five million people.;;;;;;;;;;;;x
populationsize_50M;Population 50 Million;;;;;;;;;;;;x
populationsize_50M_desc;Our population has reached fifty million people.;;;;;;;;;;;;x
populationsize_200M;Population 200 Million;;;;;;;;;;;;x
populationsize_200M_desc;Our population has reached two hundred million people.;;;;;;;;;;;;x